minorOccCodeGroup,broadOccCodeGroup,majorOccNameGroup,occupation,end_0000,end_000,end_00,end_0,hourlyMean,hourlyMed,salaryMean,salaryMed,totEmp,wageSalEmp,selfEmp,f_total,f_violence,f_trans,f_fireExp,f_fallSlipTrip,f_exposure,f_contact,f_allOther,nf_total,nf_violence,nf_violence_intent,nf_violence_unintent,nf_violence_animal,nf_trans,nf_trans_roadway,nf_fireExp,nf_fallSlipTrip,nf_fallSlipTrip_lowLevel,nf_fallSlipTrip_sameLevel,nf_fallSlipTrip_noFall,nf_exposure,nf_contact,nf_contact_struckBy,nf_contact_struckAgainst,nf_contact_caughtCompCrush,nf_overextertion,nf_overextertion_liftLowering,nf_overextertion_repetition,nf_allOther,,,stacked,,
11-1000,11-1010,Management Occupations,Chief executives,FALSE,FALSE,FALSE,TRUE,93.44,87.12,194350,181210,308900,238300,70500,10,6,3,0,0,0,0,1,710,0,0,0,0,40,0,0,460,340,120,0,70,50,0,0,0,70,40,0,0,FALSE,TRUE,TRUE,,Chief executives
11-2020,11-2020,Management Occupations,Marketing and sales managers,FALSE,FALSE,FALSE,TRUE,66.52,59.1,138350,122930,603800,582300,21500,4,0,0,0,0,0,0,4,1210,20,0,0,20,160,90,0,720,430,230,60,20,80,40,30,0,220,60,0,0,FALSE,TRUE,TRUE,,Marketing and sales managers
11-2022,11-2022,Management Occupations,Sales managers,FALSE,FALSE,FALSE,FALSE,64.95,56.71,135090,117960,385500,371700,13800,4,0,0,0,0,0,0,4,1050,20,0,0,20,130,60,0,670,420,190,60,0,40,20,20,0,190,60,0,0,TRUE,TRUE,TRUE,,Sales managers
11-3010,11-3010,Management Occupations,Administrative services managers,FALSE,FALSE,FALSE,TRUE,47.56,43.29,98930,90050,281700,281100,600,4,3,0,0,0,1,0,0,670,0,0,0,0,30,30,0,220,30,160,30,20,240,200,30,0,160,0,0,0,FALSE,TRUE,TRUE,,Administrative services managers
11-3020,11-3020,Management Occupations,Computer and information systems managers,FALSE,FALSE,FALSE,TRUE,70.07,65.29,145740,135800,367600,364600,3100,3,0,1,0,0,0,0,2,160,0,0,0,0,0,0,0,100,0,30,30,0,40,30,0,0,20,0,0,0,FALSE,TRUE,TRUE,,Computer and information systems managers
11-3030,11-3030,Management Occupations,Financial managers,FALSE,FALSE,FALSE,TRUE,67.17,58.54,139720,121750,580400,565100,15300,3,0,2,0,0,0,0,1,890,0,0,0,0,90,80,0,560,20,490,0,30,50,40,0,0,160,90,40,0,FALSE,TRUE,TRUE,,Financial managers
11-3050,11-3050,Management Occupations,Industrial production managers,FALSE,FALSE,FALSE,TRUE,51.47,46.7,107060,97140,170600,168200,2400,3,0,0,0,0,0,0,3,480,0,0,0,0,0,0,0,150,30,110,0,20,130,130,0,0,170,40,0,0,FALSE,TRUE,TRUE,,Industrial production managers
11-3070,11-3070,Management Occupations,"Transportation, storage, and distribution managers",FALSE,FALSE,FALSE,TRUE,46.94,42.88,97630,89190,115500,114200,1300,8,0,0,0,0,0,0,8,880,0,0,0,0,0,0,0,80,20,50,0,90,170,120,30,20,530,230,0,0,FALSE,TRUE,TRUE,,"Transportation, storage, and distribution managers"
11-9013,11-9013,Management Occupations,"Farmers, ranchers, and other agricultural managers",FALSE,FALSE,FALSE,FALSE,36.44,31.91,75790,66360,1028700,282900,745800,260,31,116,6,22,11,72,2,80,0,0,0,0,0,0,0,40,0,30,0,0,20,0,0,0,0,0,0,0,TRUE,TRUE,TRUE,,"Farmers, ranchers, and other agricultural managers"
11-9020,11-9020,Management Occupations,Construction managers,FALSE,FALSE,FALSE,TRUE,47.84,42.93,99510,89300,403800,251100,152700,3,0,3,0,0,0,0,0,1310,0,0,0,0,20,20,0,360,170,140,40,20,330,160,30,0,580,290,0,0,FALSE,TRUE,TRUE,,Construction managers
11-9030,11-9030,Management Occupations,Education administrators,FALSE,FALSE,FALSE,TRUE,44.79,41.8,93160,86950,531600,520700,10900,4,1,0,0,0,0,1,2,640,110,0,100,0,40,30,0,230,20,190,20,50,190,150,40,0,30,0,0,0,FALSE,TRUE,TRUE,,Education administrators
11-9032,11-9032,Management Occupations,"Education administrators, elementary and secondary school",FALSE,FALSE,FALSE,FALSE,,,95390,92510,251300,249000,2400,2,1,0,0,0,0,1,0,190,30,0,20,0,0,0,0,50,0,30,0,0,70,30,40,0,0,0,0,0,TRUE,TRUE,TRUE,,"Education administrators, elementary and secondary school"
11-9040,11-9040,Management Occupations,Architectural and engineering managers,FALSE,FALSE,FALSE,TRUE,69.17,64.78,143870,134730,180100,2200,180100,4,0,0,0,0,0,0,4,20,0,0,0,0,0,0,0,0,0,0,0,0,0,0,0,0,0,0,0,0,FALSE,TRUE,TRUE,,Architectural and engineering managers
11-9050,11-9050,Management Occupations,Food service managers,FALSE,FALSE,FALSE,TRUE,26.93,24.43,56010,50820,308700,203700,105000,23,18,3,0,0,0,0,2,2770,60,60,0,0,20,20,0,1070,140,780,120,130,580,290,210,50,910,340,140,0,FALSE,TRUE,TRUE,,Food service managers
11-9080,11-9080,Management Occupations,Lodging managers,FALSE,FALSE,FALSE,TRUE,28.56,24.93,59410,51840,47800,36200,11600,3,0,1,0,0,0,0,2,30,0,0,0,0,0,0,0,0,0,0,0,0,0,0,0,0,20,0,0,0,FALSE,TRUE,TRUE,,Lodging managers
11-9110,11-9110,Management Occupations,Medical and health services managers,FALSE,FALSE,FALSE,TRUE,52.58,46.41,109370,96540,352200,343200,9000,3,1,0,0,0,0,0,2,2920,420,230,170,20,340,300,0,1010,60,870,80,80,200,110,60,0,880,220,30,0,FALSE,TRUE,TRUE,,Medical and health services managers
11-9140,11-9140,Management Occupations,"Property, real estate, and community association managers",FALSE,FALSE,FALSE,TRUE,33.79,27.42,70290,57040,317300,185200,132100,23,15,0,0,4,3,1,0,830,80,70,0,0,0,0,0,230,60,150,0,350,70,40,0,0,80,0,0,0,FALSE,TRUE,TRUE,,"Property, real estate, and community association managers"
13-1000,13-1020,Business and Financial Occupations,Buyers and purchasing agents,FALSE,FALSE,FALSE,TRUE,31.44,29.18,65390,60700,446500,429400,17100,1,1,0,0,0,0,0,0,390,0,0,0,0,40,30,0,110,20,80,0,0,60,30,20,0,170,80,0,0,FALSE,TRUE,TRUE,,Buyers and purchasing agents
13-1000,13-1040,Business and Financial Occupations,Compliance officers,FALSE,FALSE,FALSE,TRUE,33.77,31.99,70250,66540,288300,287200,1000,0,1,0,0,0,0,0,-1,80,0,0,0,0,0,0,0,50,0,30,0,0,0,0,0,0,20,0,0,0,FALSE,TRUE,TRUE,,Compliance officers
13-1000,13-1110,Business and Financial Occupations,Management analysts,FALSE,FALSE,FALSE,TRUE,44.19,39.1,91910,81330,806400,666100,140200,6,0,3,0,0,0,0,3,720,0,0,0,0,50,20,0,70,0,50,0,0,130,100,20,0,460,0,0,0,FALSE,TRUE,TRUE,,Management analysts
13-2000,13-2010,Business and Financial Occupations,Accountants and auditors,FALSE,FALSE,FALSE,TRUE,36.89,32.76,76730,68150,1397700,1304000,93700,7,0,0,0,0,0,0,7,460,0,0,0,0,30,20,0,250,20,210,20,0,50,40,0,0,120,0,40,0,FALSE,TRUE,TRUE,,Accountants and auditors
13-2000,13-2050,Business and Financial Occupations,Financial analysts and advisors,FALSE,FALSE,FALSE,TRUE,49.54,38.91,103050,80940,672000,599600,72500,5,0,0,0,0,0,0,5,160,0,0,0,0,20,20,0,100,0,80,0,0,0,0,0,0,30,0,20,0,FALSE,TRUE,TRUE,,Financial analysts and advisors
15-1000,15-1120,Computer and Mathematical Occupations,Computer and information analysts,FALSE,FALSE,FALSE,TRUE,44.36,42.29,92260,87960,700500,687000,13500,4,1,0,0,0,0,0,3,140,0,0,0,0,0,0,0,100,0,90,0,0,0,0,0,0,20,0,0,0,FALSE,TRUE,TRUE,,Computer and information analysts
15-1000,15-1130,Computer and Mathematical Occupations,Software developers and programmers,FALSE,FALSE,FALSE,TRUE,48.11,46.07,100080,95830,1714000,1644600,69400,5,0,0,0,0,0,0,5,150,0,0,0,0,0,0,0,80,20,50,20,0,0,0,0,0,40,0,0,0,FALSE,TRUE,TRUE,,Software developers and programmers
15-1000,15-1140,Computer and Mathematical Occupations,Database and systems administrators and network architects,FALSE,FALSE,FALSE,TRUE,43.15,40.85,89750,84970,673400,671100,2300,3,0,0,0,0,0,0,3,270,0,0,0,0,0,0,0,140,20,100,0,60,20,0,0,0,60,30,0,0,FALSE,TRUE,TRUE,,Database and systems administrators and network architects
15-1000,15-1150,Computer and Mathematical Occupations,Computer support specialists,FALSE,FALSE,FALSE,TRUE,27.21,25.08,56600,52160,835300,819000,16400,4,0,3,0,0,0,0,1,720,0,0,0,0,70,50,0,240,50,150,40,0,100,50,20,0,280,50,30,0,FALSE,TRUE,TRUE,,Computer support specialists
17-1000,17-1010,Architecture and Engineering Occupations,"Architects, except naval",FALSE,FALSE,FALSE,TRUE,39.39,35.98,81920,74850,153500,122600,30900,1,0,0,0,0,0,0,1,30,0,0,0,0,0,0,0,0,0,0,0,0,0,0,0,0,0,0,0,0,FALSE,TRUE,TRUE,,"Architects, except naval"
17-1000,17-1020,Architecture and Engineering Occupations,"Surveyors, cartographers, and photogrammetrists",FALSE,FALSE,FALSE,TRUE,30.8,28.94,64070,60200,57400,56100,1300,13,0,11,0,0,0,0,2,430,40,0,0,40,70,60,0,160,0,150,0,0,20,0,20,0,140,30,0,0,FALSE,TRUE,TRUE,,"Surveyors, cartographers, and photogrammetrists"
17-2000,17-2050,Architecture and Engineering Occupations,Civil engineers,FALSE,FALSE,FALSE,TRUE,43.14,40.16,89730,83540,303500,293300,10200,3,0,0,0,0,0,0,3,60,0,0,0,0,0,0,0,0,0,0,0,0,20,20,0,0,40,0,0,0,FALSE,TRUE,TRUE,,Civil engineers
17-2000,17-2070,Architecture and Engineering Occupations,Electrical and electronics engineers,FALSE,FALSE,FALSE,TRUE,48.45,46.28,100770,96270,324600,320700,3900,1,0,0,0,0,1,0,0,90,0,0,0,0,0,0,0,30,0,30,0,0,0,0,0,0,60,0,0,0,FALSE,TRUE,TRUE,,Electrical and electronics engineers
17-2000,17-2140,Architecture and Engineering Occupations,Mechanical engineers,FALSE,FALSE,FALSE,TRUE,43.17,40.48,89800,84190,288800,287400,1400,5,1,0,1,0,0,0,3,80,0,0,0,0,0,0,0,20,0,0,0,20,20,0,0,0,20,0,0,0,FALSE,TRUE,TRUE,,Mechanical engineers
17-2000,17-2150,Architecture and Engineering Occupations,Mining and geological engineers,FALSE,FALSE,FALSE,TRUE,49.52,45.06,103010,93720,7300,6900,400,3,0,0,0,0,0,0,3,20,0,0,0,0,0,0,0,0,0,0,0,0,0,0,0,0,0,0,0,0,FALSE,TRUE,TRUE,,Mining and geological engineers
17-3000,17-3010,Architecture and Engineering Occupations,Drafters,FALSE,FALSE,FALSE,TRUE,27.16,25.71,56500,53480,207700,204100,3600,2,0,2,0,0,0,0,0,40,0,0,0,0,0,0,0,0,0,0,0,0,0,0,0,0,20,0,0,0,FALSE,TRUE,TRUE,,Drafters
17-3000,17-3020,Architecture and Engineering Occupations,"Engineering technicians, except drafters",FALSE,FALSE,FALSE,TRUE,28.61,27.55,59510,57310,441300,438300,3000,10,3,6,0,0,0,0,1,970,0,0,0,0,50,30,0,240,90,130,0,20,140,80,0,50,480,100,110,20,FALSE,TRUE,TRUE,,"Engineering technicians, except drafters"
19-1000,19-1020,"Life, Physical and Social Science Occupations",Biological scientists,FALSE,FALSE,FALSE,TRUE,38.49,34.56,80060,71890,112800,110600,2200,1,0,0,0,0,1,0,0,30,0,0,0,0,0,0,0,0,0,0,0,0,0,0,0,0,0,0,0,0,FALSE,TRUE,TRUE,,Biological scientists
19-1000,19-1040,"Life, Physical and Social Science Occupations",Medical scientists,FALSE,FALSE,FALSE,TRUE,45.26,38.33,94150,79730,126100,123600,2500,1,1,0,0,0,0,0,0,100,0,0,0,0,0,0,0,20,0,20,0,20,30,20,0,0,20,0,20,0,FALSE,TRUE,TRUE,,Medical scientists
19-2000,19-2030,"Life, Physical and Social Science Occupations",Chemists and materials scientists,FALSE,FALSE,FALSE,TRUE,39.68,36.26,82520,75420,96200,400,96200,3,3,0,0,0,0,0,0,150,0,0,0,0,0,0,0,20,0,0,0,90,20,20,0,0,20,0,0,0,FALSE,TRUE,TRUE,,Chemists and materials scientists
19-3000,19-3090,"Life, Physical and Social Science Occupations",Miscellaneous social scientists and related workers,FALSE,FALSE,FALSE,TRUE,39.22,37.03,81570,77020,61900,57900,3900,1,0,1,0,0,0,0,0,20,0,0,0,0,0,0,0,0,0,0,0,0,0,0,0,0,0,0,0,0,FALSE,TRUE,TRUE,,Miscellaneous social scientists and related workers
19-4000,19-4090,"Life, Physical and Social Science Occupations","Life, physical, and social science technicians",FALSE,FALSE,FALSE,FALSE,23.69,22.14,49270,46040,76100,74900,1200,3,0,0,0,0,0,0,3,140,0,0,0,0,0,0,0,40,20,0,0,0,30,20,0,0,60,0,20,0,TRUE,TRUE,TRUE,,"Life, physical, and social science technicians"
21-1000,21-1010,Community and Social Service Occupations,Counselors,FALSE,FALSE,FALSE,TRUE,23.91,22.1,49740,45970,744500,702000,42400,6,3,0,0,0,0,0,3,3430,1080,710,320,40,480,400,0,740,50,610,80,60,570,140,420,0,480,80,0,0,FALSE,TRUE,TRUE,,Counselors
21-1000,21-1020,Community and Social Service Occupations,Social workers,FALSE,FALSE,FALSE,TRUE,24.38,22.54,50710,46890,682100,665700,16400,5,1,0,0,0,0,0,4,2240,430,270,120,50,530,450,0,480,60,350,50,70,100,50,20,0,630,270,20,0,FALSE,TRUE,TRUE,,Social workers
21-1000,21-1090,Community and Social Service Occupations,Miscellaneous community and social service specialists,FALSE,FALSE,FALSE,TRUE,19.84,17.77,41270,36970,699900,697000,2900,4,3,0,0,0,0,0,1,3580,1190,870,300,20,370,350,0,1140,90,960,80,30,370,130,70,30,470,130,20,0,FALSE,TRUE,TRUE,,Miscellaneous community and social service specialists
21-2000,21-2010,Community and Social Service Occupations,Clergy,FALSE,FALSE,FALSE,TRUE,23.77,21.99,49450,45740,243900,242400,1500,7,2,0,0,3,0,0,2,50,0,0,0,0,0,0,0,30,0,30,0,0,0,0,0,0,0,0,0,0,FALSE,TRUE,TRUE,,Clergy
23-1000,23-1010,Legal Occupations,Lawyers and judicial law clerks,FALSE,FALSE,FALSE,TRUE,66.44,55.89,138190,116250,806500,644800,161700,12,10,0,0,0,0,0,2,80,0,0,0,0,30,20,0,0,0,0,0,0,20,20,0,0,0,0,0,0,FALSE,TRUE,TRUE,,Lawyers and judicial law clerks
23-2000,23-2010,Legal Occupations,Paralegals and legal assistants,FALSE,FALSE,FALSE,TRUE,25.57,23.8,53180,49500,285600,280300,5300,1,1,0,0,0,0,0,0,560,0,0,0,0,40,40,0,320,0,310,0,0,100,90,0,0,90,0,80,0,FALSE,TRUE,TRUE,,Paralegals and legal assistants
25-2000,25-2020,"Education, Training and Library Occupations",Elementary and middle school teachers,FALSE,FALSE,FALSE,TRUE,,,59270,56100,2053900,2500,2053900,0,0,1,0,0,0,0,-1,1460,410,160,250,0,0,0,0,680,50,240,400,0,190,110,50,0,170,0,0,0,FALSE,TRUE,TRUE,,Elementary and middle school teachers
25-2000,25-2030,"Education, Training and Library Occupations",Secondary school teachers,FALSE,FALSE,FALSE,TRUE,,,61280,57980,1097400,700,1097400,1,0,1,0,0,0,0,0,180,30,0,30,0,0,0,0,50,0,50,0,0,70,50,0,0,30,0,0,0,FALSE,TRUE,TRUE,,Secondary school teachers
25-2000,25-2050,"Education, Training and Library Occupations",Special education teachers,FALSE,FALSE,FALSE,TRUE,,,61280,57630,480600,100,480600,3,1,0,0,1,0,0,1,260,220,180,40,0,0,0,0,20,0,0,0,0,0,0,0,0,0,0,0,0,FALSE,TRUE,TRUE,,Special education teachers
25-3000,25-3020,"Education, Training and Library Occupations",Self-enrichment education teachers,FALSE,FALSE,FALSE,TRUE,20.75,17.95,43150,37330,354200,284200,70000,8,0,5,0,0,0,0,3,660,110,70,30,0,0,0,0,100,0,90,0,90,30,20,0,0,330,0,0,0,FALSE,TRUE,TRUE,,Self-enrichment education teachers
25-4000,25-4020,"Education, Training and Library Occupations",Librarians,FALSE,FALSE,FALSE,TRUE,28.78,27.73,59870,57680,138200,200,138200,3,0,1,0,0,0,0,2,40,0,0,0,0,0,0,0,20,0,0,0,0,0,0,0,0,0,0,0,0,FALSE,TRUE,TRUE,,Librarians
27-1000,27-1010,"Arts, Design, Entertainment, Sports and Media Occupations",Artists and related workers,FALSE,FALSE,FALSE,TRUE,38.24,33.69,79530,70080,217400,90800,126600,5,3,0,0,0,0,0,2,80,0,0,0,0,0,0,0,0,0,0,0,0,20,0,0,0,40,0,40,0,FALSE,TRUE,TRUE,,Artists and related workers
27-1000,27-1020,"Arts, Design, Entertainment, Sports and Media Occupations",Designers,FALSE,FALSE,FALSE,TRUE,22.97,19.61,47780,40800,616300,500700,115600,1,1,0,0,0,0,0,0,830,0,0,0,0,20,0,0,250,50,190,0,20,310,260,40,0,230,60,0,0,FALSE,TRUE,TRUE,,Designers
27-2000,27-2020,"Arts, Design, Entertainment, Sports and Media Occupations","Athletes, coaches, umpires, and related workers",FALSE,FALSE,FALSE,TRUE,,,42290,31440,309000,277700,31300,29,3,19,0,3,0,0,4,3330,450,0,440,0,0,0,0,270,0,210,30,20,490,370,80,30,1490,0,60,600,FALSE,TRUE,TRUE,,"Athletes, coaches, umpires, and related workers"
27-2000,27-2040,"Arts, Design, Entertainment, Sports and Media Occupations","Musicians, singers, and related workers",FALSE,FALSE,FALSE,TRUE,32.86,24.67,,,247300,167200,80100,10,4,2,3,0,1,0,0,40,0,0,0,0,0,0,0,0,0,0,0,0,0,0,0,0,30,0,20,0,FALSE,TRUE,TRUE,,"Musicians, singers, and related workers"
27-3000,27-3040,"Arts, Design, Entertainment, Sports and Media Occupations",Writers and editors,FALSE,FALSE,FALSE,TRUE,33.31,29.59,69280,61550,311000,200000,111000,1,0,1,0,0,0,0,0,40,0,0,0,0,0,0,0,20,0,0,0,0,0,0,0,0,0,0,0,0,FALSE,TRUE,TRUE,,Writers and editors
27-4000,27-4010,"Arts, Design, Entertainment, Sports and Media Occupations",Broadcast and sound engineering technicians and radio operators,FALSE,FALSE,FALSE,TRUE,23.68,20.47,49250,42590,135300,122100,13200,4,0,0,1,0,0,0,3,220,0,0,0,0,0,0,0,90,30,50,0,0,90,50,0,0,20,0,0,0,FALSE,TRUE,TRUE,,Broadcast and sound engineering technicians and radio operators
27-4000,27-4020,"Arts, Design, Entertainment, Sports and Media Occupations",Photographers,FALSE,FALSE,FALSE,TRUE,20.5,16.38,42640,34070,147300,46900,100400,1,0,0,0,1,0,0,0,340,0,0,0,0,30,30,0,90,0,70,20,0,0,0,0,0,180,70,60,0,FALSE,TRUE,TRUE,,Photographers
29-1000,29-1020,Healthcare Practicioners and Technical Occupations,Dentists,FALSE,FALSE,FALSE,TRUE,85.9,76.81,178670,159770,153500,123900,29600,0,0,0,0,0,0,0,0,180,0,0,0,0,0,0,0,70,0,70,0,0,70,0,0,0,40,0,0,0,FALSE,TRUE,TRUE,,Dentists
29-1000,29-1060,Healthcare Practicioners and Technical Occupations,Physicians and surgeons,FALSE,FALSE,FALSE,TRUE,101.04,,210170,,713800,666000,47800,6,4,1,0,0,1,0,0,340,0,0,0,0,0,0,0,150,0,140,0,40,30,30,0,0,100,0,0,0,FALSE,TRUE,TRUE,,Physicians and surgeons
29-2000,29-2030,Healthcare Practicioners and Technical Occupations,Diagnostic related technologists and technicians,FALSE,FALSE,FALSE,TRUE,30.27,29.4,62960,61160,384100,381800,2400,5,0,0,0,0,3,0,2,2290,100,0,90,0,0,0,0,470,0,430,20,70,310,180,80,30,1340,180,140,0,FALSE,TRUE,TRUE,,Diagnostic related technologists and technicians
29-2000,29-2040,Healthcare Practicioners and Technical Occupations,Emergency medical technicians and paramedics,FALSE,FALSE,FALSE,TRUE,17.36,15.71,36110,32670,248000,247700,300,10,0,6,0,0,0,0,4,3830,250,100,150,0,480,460,0,540,50,200,250,0,330,180,90,60,2210,1050,0,0,FALSE,TRUE,TRUE,,Emergency medical technicians and paramedics
29-2000,29-2050,Healthcare Practicioners and Technical Occupations,Health practitioner support technologists and technicians,FALSE,FALSE,FALSE,TRUE,16.91,15.93,35180,33140,767000,765800,1200,8,0,3,0,0,3,0,2,6970,1880,680,400,790,60,40,0,1530,70,1230,220,480,1130,720,290,100,1880,470,140,0,FALSE,TRUE,TRUE,,Health practitioner support technologists and technicians
29-2000,29-2060,Healthcare Practicioners and Technical Occupations,Licensed practical and licensed vocational nurses,FALSE,FALSE,FALSE,TRUE,21.56,21.2,44840,44090,724500,720600,3900,5,3,0,0,0,0,0,2,5280,620,430,140,50,260,250,0,1710,170,1300,190,120,500,330,60,50,2060,520,60,0,FALSE,TRUE,TRUE,,Licensed practical and licensed vocational nurses
29-9000,29-9010,Healthcare Practicioners and Technical Occupations,Occupational health and safety specialists and technicians,FALSE,FALSE,FALSE,TRUE,33.14,32.13,68930,66820,101800,95700,6100,4,1,0,0,0,1,0,2,220,0,0,0,0,0,0,0,130,50,80,0,30,30,0,0,0,20,0,0,0,FALSE,TRUE,TRUE,,Occupational health and safety specialists and technicians
31-1000,31-1010,Healthcare Support Occupations,"Nursing, psychiatric, and home health aides",FALSE,FALSE,FALSE,TRUE,12.65,11.93,26320,24810,911500,893300,18200,23,7,5,0,3,6,0,2,41520,5870,3500,1970,380,1360,1130,30,8080,410,6650,940,920,3410,1940,950,390,21730,5010,140,130,FALSE,TRUE,TRUE,,"Nursing, psychiatric, and home health aides"
31-9000,31-9090,Healthcare Support Occupations,Miscellaneous healthcare support occupations,FALSE,FALSE,FALSE,TRUE,16.47,15.81,34260,32880,1418800,1411100,7700,6,0,1,0,0,3,0,2,6250,980,120,90,770,240,230,0,1420,170,1070,130,280,1080,620,310,60,2240,590,220,0,FALSE,TRUE,TRUE,,Miscellaneous healthcare support occupations
33-1000,33-1010,Protective Service Occupations,Supervisors of law enforcement workers,FALSE,FALSE,FALSE,TRUE,39.13,37.26,81380,77500,149900,1800,149900,19,14,0,0,0,3,0,2,150,70,50,20,0,0,0,0,20,0,0,0,0,0,0,0,0,40,0,0,0,FALSE,TRUE,TRUE,,Supervisors of law enforcement workers
33-1000,33-1020,Protective Service Occupations,Supervisors of fire fighting and prevention workers,FALSE,FALSE,FALSE,TRUE,37.04,35.84,77050,74540,59100,100,59100,10,0,4,0,0,0,0,6,30,0,0,0,0,0,0,0,0,0,0,0,0,30,0,0,0,0,0,0,0,FALSE,TRUE,TRUE,,Supervisors of fire fighting and prevention workers
33-2000,33-2010,Protective Service Occupations,Firefighters,FALSE,FALSE,FALSE,TRUE,24.29,23.09,50520,48030,327300,326800,600,35,5,19,1,5,0,3,2,160,0,0,0,0,40,40,0,60,0,40,0,0,0,0,0,0,40,0,0,0,FALSE,TRUE,TRUE,,Firefighters
33-3000,33-3010,Protective Service Occupations,"Bailiffs, correctional officers, and jailers",FALSE,FALSE,FALSE,TRUE,22.46,20.59,46710,42820,468600,21900,468600,10,8,1,0,1,0,0,0,580,210,130,70,0,0,0,0,100,20,60,20,50,130,100,20,0,80,0,0,0,FALSE,TRUE,TRUE,,"Bailiffs, correctional officers, and jailers"
33-3000,33-3050,Protective Service Occupations,Police officers,FALSE,FALSE,FALSE,TRUE,30.19,28.73,62790,59750,689100,800,689100,109,61,45,0,0,0,0,3,150,30,0,20,0,20,0,0,40,0,30,0,0,0,0,0,0,30,0,0,0,FALSE,TRUE,TRUE,,Police officers
33-9000,33-9010,Protective Service Occupations,Animal control workers,FALSE,FALSE,FALSE,TRUE,17.6,16.61,36600,34550,13400,1500,13400,1,0,0,0,0,0,0,1,110,50,0,0,50,0,0,0,0,0,0,0,0,0,0,0,0,40,0,0,0,FALSE,TRUE,TRUE,,Animal control workers
33-9000,33-9030,Protective Service Occupations,Security guards and gaming surveillance officers,FALSE,FALSE,FALSE,TRUE,14.32,12.43,29780,25840,1133900,1129200,4800,54,38,9,0,7,0,0,0,6530,1480,830,580,50,540,240,20,2230,240,1450,480,160,970,470,340,110,1080,270,0,40,FALSE,TRUE,TRUE,,Security guards and gaming surveillance officers
33-9000,33-9090,Protective Service Occupations,Miscellaneous protective service workers,FALSE,FALSE,FALSE,TRUE,14.05,12.03,29230,25020,406200,100,406200,34,0,23,0,0,4,4,3,1290,180,70,80,30,320,220,0,490,40,310,50,30,120,50,50,0,140,0,0,0,FALSE,TRUE,TRUE,,Miscellaneous protective service workers
35-1000,35-1010,Food Preperation and Serving Occupations,Supervisors of food preparation and serving workers,FALSE,FALSE,FALSE,TRUE,17.47,15.77,36340,32790,146500,136700,9800,21,11,0,0,5,0,1,4,7170,180,150,30,0,220,160,0,2050,320,1390,250,900,2240,1590,370,230,1560,780,90,20,FALSE,TRUE,TRUE,,Supervisors of food preparation and serving workers
35-2000,35-2010,Food Preperation and Serving Occupations,Cooks,FALSE,FALSE,FALSE,TRUE,11.72,10.99,24370,22850,2403000,2385100,17900,20,9,0,1,0,7,0,3,17020,100,30,20,50,0,0,0,3340,150,2690,440,3240,7420,5830,1170,270,2820,1210,220,80,FALSE,TRUE,TRUE,,Cooks
35-2000,35-2020,Food Preperation and Serving Occupations,Food preparation workers,FALSE,FALSE,FALSE,TRUE,11.02,10.31,22920,21440,871100,866000,5100,8,0,0,0,0,3,0,5,14150,100,0,20,0,80,60,0,3690,220,2980,450,1470,6130,3830,1670,500,2670,1320,170,0,FALSE,TRUE,TRUE,,Food preparation workers
35-3000,35-3010,Food Preperation and Serving Occupations,Bartenders,FALSE,FALSE,FALSE,TRUE,12.3,10,25580,20800,611200,609600,1600,6,4,0,0,0,0,0,2,2300,0,0,0,0,0,0,0,740,420,260,60,70,1150,770,360,20,320,60,60,0,FALSE,TRUE,TRUE,,Bartenders
35-3000,35-3020,Food Preperation and Serving Occupations,Fast food and counter workers,FALSE,FALSE,FALSE,TRUE,9.89,9.38,20580,19500,3957500,3952800,4700,15,6,0,0,0,5,0,4,12020,290,100,60,60,170,60,0,3890,290,3050,510,1980,3620,2360,680,410,1950,780,140,110,FALSE,TRUE,TRUE,,Fast food and counter workers
35-3000,35-3030,Food Preperation and Serving Occupations,Waiters and waitresses,FALSE,FALSE,FALSE,TRUE,11.73,9.61,24410,19990,2600500,2596600,3800,11,3,0,0,0,6,0,2,6700,120,70,50,0,0,0,0,2870,180,2260,300,500,2090,1710,330,30,1070,280,100,50,FALSE,TRUE,TRUE,,Waiters and waitresses
35-3000,35-3040,Food Preperation and Serving Occupations,"Food servers, nonrestaurant",FALSE,FALSE,FALSE,TRUE,11.29,10.21,23490,21240,263800,200,263800,3,0,0,0,0,0,0,3,2340,20,0,0,0,20,0,0,850,30,590,230,240,610,440,120,20,590,220,40,0,FALSE,TRUE,TRUE,,"Food servers, nonrestaurant"
35-9000,35-9010,Food Preperation and Serving Occupations,Dining room and cafeteria attendants and bartender helpers,FALSE,FALSE,FALSE,TRUE,10.74,9.71,22340,20200,431200,430400,800,3,1,0,0,0,0,0,2,2910,30,0,20,0,0,0,0,880,60,680,120,270,1140,840,210,40,580,330,30,20,FALSE,TRUE,TRUE,,Dining room and cafeteria attendants and bartender helpers
35-9000,35-9020,Food Preperation and Serving Occupations,Dishwashers,FALSE,FALSE,FALSE,TRUE,10.22,10,21260,20800,514300,300,514300,0,0,1,0,0,0,0,-1,3910,30,0,0,20,0,0,0,800,120,560,110,520,1720,1050,430,140,840,430,0,0,FALSE,TRUE,TRUE,,Dishwashers
35-9000,35-9090,Food Preperation and Serving Occupations,Miscellaneous food preparation and serving related workers,FALSE,FALSE,FALSE,FALSE,11.16,10.14,23200,21090,60900,60800,100,1,0,0,0,1,0,0,0,2180,0,0,0,0,0,0,0,510,40,360,110,250,710,550,100,50,620,220,130,70,TRUE,TRUE,TRUE,,Miscellaneous food preparation and serving related workers
37-1000,37-1010,Building and Grounds Cleaning and Maintainance Occupations,Supervisors of building and grounds maintenance workers,FALSE,FALSE,FALSE,TRUE,21.24,19.65,44190,40880,243500,172200,71300,38,4,12,0,7,5,10,0,3040,100,30,0,70,170,150,0,940,280,560,100,40,660,360,230,50,1130,240,50,0,FALSE,TRUE,TRUE,,Supervisors of building and grounds maintenance workers
37-2000,37-2010,Building and Grounds Cleaning and Maintainance Occupations,Building cleaning workers,FALSE,FALSE,FALSE,TRUE,12.55,11.26,26090,23420,3844000,3575100,268900,64,12,9,0,21,13,8,1,38660,540,150,70,310,1050,760,30,12350,1730,8160,2110,1740,8310,4950,2290,710,14310,3930,1060,330,FALSE,TRUE,TRUE,,Building cleaning workers
37-2000,37-2020,Building and Grounds Cleaning and Maintainance Occupations,Pest control workers,FALSE,FALSE,FALSE,TRUE,16.84,15.88,35020,33040,78900,73900,5100,10,0,4,0,0,0,0,6,2080,60,0,0,60,860,830,0,480,140,210,130,60,130,70,30,0,500,170,0,0,FALSE,TRUE,TRUE,,Pest control workers
37-3000,37-3010,Building and Grounds Cleaning and Maintainance Occupations,Grounds maintenance workers,FALSE,FALSE,FALSE,TRUE,14.02,12.9,29170,26830,1197900,935800,262100,217,10,71,0,64,30,40,2,15860,550,0,0,520,670,410,0,4290,1230,2020,660,1270,5530,3800,980,430,3480,970,140,60,FALSE,TRUE,TRUE,,Grounds maintenance workers
39-1000,39-1020,Personal Care and Service Occupations,Supervisors of personal service workers,FALSE,FALSE,FALSE,TRUE,19.15,17.65,39830,36700,276100,203800,72300,1,1,0,0,0,0,0,0,400,100,50,50,0,30,30,0,50,0,40,0,0,90,30,60,0,80,20,0,40,FALSE,TRUE,TRUE,,Supervisors of personal service workers
39-2000,39-2010,Personal Care and Service Occupations,Animal trainers,FALSE,FALSE,FALSE,TRUE,16.62,13.31,34580,27690,54900,29200,25700,4,0,0,0,0,0,0,4,100,60,0,0,60,0,0,0,0,0,0,0,0,0,0,0,0,20,0,0,0,FALSE,TRUE,TRUE,,Animal trainers
39-2000,39-2020,Personal Care and Service Occupations,Nonfarm animal caretakers,FALSE,FALSE,FALSE,TRUE,11.74,10.57,24420,21990,241500,197300,44300,8,7,1,0,0,0,0,0,2440,1220,0,0,1220,0,0,0,430,0,350,80,100,210,180,20,0,470,70,20,0,FALSE,TRUE,TRUE,,Nonfarm animal caretakers
39-3000,39-3090,Personal Care and Service Occupations,Miscellaneous entertainment attendants and related workers,FALSE,FALSE,FALSE,TRUE,10.98,9.91,22830,20610,339800,336800,3000,9,0,4,0,3,1,0,1,1440,100,20,30,50,80,40,0,560,110,380,50,50,330,210,80,30,300,40,0,0,FALSE,TRUE,TRUE,,Miscellaneous entertainment attendants and related workers
39-5000,39-5010,Personal Care and Service Occupations,"Barbers, hairdressers, hairstylists and cosmetologists",FALSE,FALSE,FALSE,TRUE,14.23,11.68,29600,24300,673700,368700,305000,10,7,0,0,0,0,0,3,2180,0,0,0,0,0,0,0,800,0,780,20,0,110,110,0,0,1170,0,430,0,FALSE,TRUE,TRUE,,"Barbers, hairdressers, hairstylists and cosmetologists"
39-7000,39-7010,Personal Care and Service Occupations,Tour and travel guides,FALSE,FALSE,FALSE,TRUE,13.78,12.2,28670,25370,45800,40400,5400,5,0,0,0,0,0,0,5,190,0,0,0,0,0,0,0,110,0,90,0,0,60,40,0,0,0,0,0,0,FALSE,TRUE,TRUE,,Tour and travel guides
39-9000,39-9020,Personal Care and Service Occupations,Personal care aides,FALSE,FALSE,FALSE,TRUE,10.92,10.54,22710,21920,2016100,1943200,73000,4,0,0,0,0,0,0,4,12400,2870,1690,1020,150,790,750,0,2960,350,2120,330,190,970,570,270,60,4600,1120,60,0,FALSE,TRUE,TRUE,,Personal care aides
39-9000,39-9030,Personal Care and Service Occupations,Recreation and fitness workers,FALSE,FALSE,FALSE,TRUE,16.33,13.25,33970,27570,689100,629300,59800,7,0,3,0,0,3,0,1,1900,250,130,100,20,80,40,0,540,70,390,80,30,290,180,60,30,700,130,0,0,FALSE,TRUE,TRUE,,Recreation and fitness workers
39-9000,39-9040,Personal Care and Service Occupations,Residential advisors,FALSE,FALSE,FALSE,TRUE,13.31,12.29,27690,25570,118800,900,118800,3,0,0,0,0,1,0,2,680,320,230,90,0,30,20,0,190,0,160,20,0,0,0,0,0,130,30,0,0,FALSE,TRUE,TRUE,,Residential advisors
41-1000,41-1010,Sales and Related Occupations,Supervisors of sales workers,FALSE,FALSE,FALSE,TRUE,24.63,20.31,51230,42250,1532400,1183600,348800,104,70,14,0,10,7,0,3,15880,530,260,90,180,310,140,0,4120,730,2820,560,360,4300,3000,920,260,6220,3010,170,30,FALSE,TRUE,TRUE,,Supervisors of sales workers
41-2000,41-2010,Sales and Related Occupations,Cashiers,FALSE,FALSE,FALSE,TRUE,10.44,9.71,21710,20200,3578900,3557600,21300,63,60,0,0,0,1,0,2,9110,190,70,100,30,120,20,0,2780,210,2180,340,460,1920,1270,440,140,3600,1250,320,30,FALSE,TRUE,TRUE,,Cashiers
41-2000,41-2020,Sales and Related Occupations,Counter and rental clerks and parts salespersons,FALSE,FALSE,FALSE,TRUE,14.79,12.99,30750,27030,710100,705400,4700,6,0,0,0,0,2,0,4,1460,0,0,0,0,120,100,0,660,80,570,0,50,210,150,40,20,400,90,30,0,FALSE,TRUE,TRUE,,Counter and rental clerks and parts salespersons
41-2000,41-2030,Sales and Related Occupations,Retail salespersons,FALSE,FALSE,FALSE,TRUE,13.07,10.9,27180,22680,4602500,4457100,145400,33,12,10,0,7,0,0,4,23470,570,350,50,180,530,320,110,7180,1390,4830,840,1030,6290,4540,1250,330,7700,3350,220,70,FALSE,TRUE,TRUE,,Retail salespersons
41-3000,41-3030,Sales and Related Occupations,"Securities, commodities, and financial services sales agents",FALSE,FALSE,FALSE,TRUE,49.17,32.36,102260,67310,375700,357500,18200,1,0,1,0,0,0,0,0,40,0,0,0,0,0,0,0,20,0,20,0,0,0,0,0,0,0,0,0,0,FALSE,TRUE,TRUE,,"Securities, commodities, and financial services sales agents"
41-3000,41-3090,Sales and Related Occupations,"Miscellaneous sales representatives, services",FALSE,FALSE,FALSE,FALSE,30.32,25.23,63070,52490,983000,965300,17700,4,0,0,0,0,0,0,4,760,20,0,0,20,110,100,0,320,70,220,20,40,90,60,20,0,180,30,30,0,TRUE,TRUE,TRUE,,"Miscellaneous sales representatives, services"
41-4000,41-4010,Sales and Related Occupations,"Sales representatives, wholesale and manufacturing",FALSE,FALSE,FALSE,TRUE,35.12,29.1,73060,60530,343600,330500,13200,20,0,15,0,4,0,0,1,2380,20,0,0,0,470,440,0,760,110,530,120,380,220,120,50,50,540,210,20,0,FALSE,TRUE,TRUE,,"Sales representatives, wholesale and manufacturing"
41-9000,41-9020,Sales and Related Occupations,Real estate brokers and sales agents,FALSE,FALSE,FALSE,TRUE,30.57,22.32,63590,46410,444100,195500,248600,8,3,3,1,0,0,0,1,20,0,0,0,0,0,0,0,0,0,0,0,0,0,0,0,0,0,0,0,0,FALSE,TRUE,TRUE,,Real estate brokers and sales agents
41-9000,41-9090,Sales and Related Occupations,Miscellaneous sales and related workers,FALSE,FALSE,FALSE,TRUE,20.19,17.25,42000,35880,178300,91700,86500,12,5,4,0,0,0,0,3,2330,100,70,0,30,350,280,0,1140,50,1010,70,20,380,180,70,20,330,130,0,0,FALSE,TRUE,TRUE,,Miscellaneous sales and related workers
43-1000,43-1010,Office and Administration Occupations,Supervisors of office and administrative support workers,FALSE,FALSE,FALSE,TRUE,27.83,26.12,57890,54340,1506300,1493700,12600,8,4,0,0,0,0,0,4,1530,20,0,0,0,70,60,0,490,80,340,50,110,260,180,70,0,580,100,130,0,FALSE,TRUE,TRUE,,Supervisors of office and administrative support workers
43-3000,43-3030,Office and Administration Occupations,"Bookkeeping, accounting, and auditing clerks",FALSE,FALSE,FALSE,TRUE,19.34,18.46,40220,38390,1730500,1665400,65100,1,1,0,0,0,0,0,0,1110,20,20,0,0,0,0,0,580,40,500,40,110,130,70,50,20,250,40,70,0,FALSE,TRUE,TRUE,,"Bookkeeping, accounting, and auditing clerks"
43-4000,43-4050,Office and Administration Occupations,Customer service representatives,FALSE,FALSE,FALSE,TRUE,16.91,15.53,35170,32300,2784500,2769500,14900,5,0,0,0,0,0,0,5,7100,210,80,40,80,240,160,0,2940,290,2360,270,300,970,570,230,150,2390,970,540,60,FALSE,TRUE,TRUE,,Customer service representatives
43-4000,43-4170,Office and Administration Occupations,Receptionists and information clerks,FALSE,FALSE,FALSE,TRUE,14,13.42,29120,27920,1053700,1043600,10100,3,1,0,0,0,0,0,2,2170,100,30,20,40,40,20,0,890,60,770,60,50,290,90,140,50,790,120,320,0,FALSE,TRUE,TRUE,,Receptionists and information clerks
43-4000,43-4190,Office and Administration Occupations,Miscellaneous information and record clerks,FALSE,FALSE,FALSE,FALSE,19.28,18.87,40090,39260,178100,177900,200,1,0,1,0,0,0,0,0,160,0,0,0,0,0,0,0,60,0,30,30,0,30,0,0,0,50,0,0,0,TRUE,TRUE,TRUE,,Miscellaneous information and record clerks
43-5000,43-5010,Office and Administration Occupations,Cargo and freight agents,FALSE,FALSE,FALSE,TRUE,21.27,20.15,44250,41920,89800,89600,200,1,1,0,0,0,0,0,0,5920,20,0,0,0,130,0,0,820,140,520,150,80,1310,730,260,290,3560,1800,60,0,FALSE,TRUE,TRUE,,Cargo and freight agents
43-5000,43-5020,Office and Administration Occupations,Couriers and messengers,FALSE,FALSE,FALSE,TRUE,14.39,13.54,29920,28170,95000,76000,19100,3,0,3,0,0,0,0,0,580,0,0,0,0,240,190,0,130,0,80,40,0,70,50,0,0,140,70,0,0,FALSE,TRUE,TRUE,,Couriers and messengers
43-5000,43-5030,Office and Administration Occupations,Dispatchers,FALSE,FALSE,FALSE,TRUE,19.79,18.4,41150,38260,300300,298300,2000,6,0,0,0,0,0,0,6,250,0,0,0,0,40,20,0,90,0,70,0,0,20,0,0,0,100,50,20,0,FALSE,TRUE,TRUE,,Dispatchers
43-5000,43-5040,Office and Administration Occupations,"Meter readers, utilities",FALSE,FALSE,FALSE,TRUE,20.14,18.72,41890,38940,34800,12300,34800,4,0,3,0,0,0,0,1,280,0,0,0,0,0,0,0,200,0,180,0,0,30,30,0,0,30,0,0,0,FALSE,TRUE,TRUE,,"Meter readers, utilities"
43-5000,43-5060,Office and Administration Occupations,"Production, planning, and expediting clerks",FALSE,FALSE,FALSE,TRUE,23.58,22.48,49050,46760,329400,327300,2100,1,0,0,0,0,0,0,1,460,0,0,0,0,0,0,0,70,0,60,0,40,180,100,60,20,170,50,0,0,FALSE,TRUE,TRUE,,"Production, planning, and expediting clerks"
43-5000,43-5070,Office and Administration Occupations,"Shipping, receiving, and traffic clerks",FALSE,FALSE,FALSE,TRUE,15.94,14.99,33150,31180,681400,680400,1000,3,0,1,0,0,0,0,2,4890,0,0,0,0,240,20,0,960,260,530,150,40,1560,1090,290,130,2070,860,90,0,FALSE,TRUE,TRUE,,"Shipping, receiving, and traffic clerks"
43-5000,43-5080,Office and Administration Occupations,Stock clerks and order fillers,FALSE,FALSE,FALSE,TRUE,12.82,11.46,26670,23840,2008600,2004700,4000,11,3,0,0,0,4,1,3,24550,160,60,30,70,690,110,0,4880,790,3410,580,580,7370,5080,1350,700,10760,5470,460,110,FALSE,TRUE,TRUE,,Stock clerks and order fillers
43-5000,43-5110,Office and Administration Occupations,"Weighers, measurers, checkers, and samplers, recordkeeping",FALSE,FALSE,FALSE,TRUE,14.94,13.84,31080,28790,75900,74900,1000,1,0,1,0,0,0,0,0,210,0,0,0,0,20,0,0,80,40,30,0,0,30,20,0,0,70,20,20,0,FALSE,TRUE,TRUE,,"Weighers, measurers, checkers, and samplers, recordkeeping"
43-6000,43-6010,Office and Administration Occupations,Secretaries and administrative assistants,FALSE,FALSE,FALSE,TRUE,19.39,17.9,40330,37230,685300,679400,5900,5,1,1,0,0,0,0,3,3380,60,30,30,0,120,70,0,1890,130,1560,160,110,510,400,100,0,680,190,150,0,FALSE,TRUE,TRUE,,Secretaries and administrative assistants
43-9000,43-9040,Office and Administration Occupations,Insurance claims and policy processing clerks,FALSE,FALSE,FALSE,TRUE,19.61,18.48,40780,38430,308500,305500,3000,1,0,1,0,0,0,0,0,550,0,0,0,0,30,30,0,260,40,190,30,0,70,0,40,0,160,0,100,0,FALSE,TRUE,TRUE,,Insurance claims and policy processing clerks
45-1000,45-1010,"Farming, Fishing and Forestry Occupations","Supervisors of farming, fishing, and forestry workers",FALSE,FALSE,FALSE,TRUE,23.47,21.79,48820,45320,48700,42700,6000,12,0,4,0,0,0,4,4,520,30,0,0,0,20,0,0,70,0,40,20,0,260,140,0,30,120,30,0,0,FALSE,TRUE,TRUE,,"Supervisors of farming, fishing, and forestry workers"
45-2000,45-2090,"Farming, Fishing and Forestry Occupations",Miscellaneous agricultural workers,FALSE,FALSE,FALSE,TRUE,11.95,10.83,24860,22520,847300,843000,4300,156,16,77,5,12,11,35,0,12550,1200,0,0,1190,710,130,0,3450,1070,1530,630,480,3920,1960,770,910,2660,830,130,120,FALSE,TRUE,TRUE,,Miscellaneous agricultural workers
45-4000,45-4020,"Farming, Fishing and Forestry Occupations",Logging workers,FALSE,FALSE,FALSE,TRUE,19,18.07,39510,37590,55300,41700,13600,91,0,17,1,0,0,68,5,900,0,0,0,0,0,0,0,70,30,30,0,0,750,620,60,40,70,0,0,0,FALSE,TRUE,TRUE,,Logging workers
47-1000,47-1010,Construction and Extraction Occupations,Supervisors of construction trades and extraction workers,FALSE,FALSE,FALSE,TRUE,32.71,30.28,68040,62980,602500,541200,61300,134,4,49,3,32,13,32,1,5150,40,0,0,30,260,110,0,1910,1070,480,340,50,1630,1070,150,200,1210,560,20,50,FALSE,TRUE,TRUE,,Supervisors of construction trades and extraction workers
47-2000,47-2010,Construction and Extraction Occupations,Boilermakers,FALSE,FALSE,FALSE,TRUE,29.9,29.84,62200,62060,17200,16600,600,4,0,1,1,0,0,0,2,140,0,0,0,0,0,0,0,50,40,0,0,20,40,30,0,0,20,0,0,0,FALSE,TRUE,TRUE,,Boilermakers
47-2000,47-2020,Construction and Extraction Occupations,"Brickmasons, blockmasons, and stonemasons",FALSE,FALSE,FALSE,TRUE,24.89,22.88,51770,47590,110000,77200,32800,12,0,1,0,5,0,3,3,760,0,0,0,0,70,0,0,150,20,20,110,0,190,120,70,0,350,130,70,0,FALSE,TRUE,TRUE,,"Brickmasons, blockmasons, and stonemasons"
47-2000,47-2030,Construction and Extraction Occupations,Carpenters,FALSE,FALSE,FALSE,TRUE,23.24,20.96,48340,43600,1025600,685200,340300,99,6,8,0,66,12,6,1,13180,90,0,0,80,100,50,0,3760,2120,950,600,90,5310,4020,530,560,3810,1480,80,30,FALSE,TRUE,TRUE,,Carpenters
47-2000,47-2040,Construction and Extraction Occupations,"Carpet, floor, and tile installers and finishers",FALSE,FALSE,FALSE,TRUE,21.13,18.82,43950,39150,122300,78400,43900,8,0,3,0,0,0,0,5,860,0,0,0,0,0,0,0,160,40,20,100,0,370,230,120,20,320,60,20,0,FALSE,TRUE,TRUE,,"Carpet, floor, and tile installers and finishers"
47-2000,47-2050,Construction and Extraction Occupations,"Cement masons, concrete finishers, and terrazzo workers",FALSE,FALSE,FALSE,TRUE,21.04,18.85,43770,39210,182500,178100,4400,12,0,3,0,3,3,0,3,1010,0,0,0,0,60,60,0,160,80,50,0,30,400,380,0,20,250,100,0,100,FALSE,TRUE,TRUE,,"Cement masons, concrete finishers, and terrazzo workers"
47-2000,47-2060,Construction and Extraction Occupations,Construction laborers,FALSE,FALSE,FALSE,TRUE,18.22,16.07,37890,33430,1216700,911900,304800,254,17,52,3,89,27,64,2,22380,90,30,0,60,1060,470,20,4850,2050,1820,830,1070,9420,6150,1300,1070,5730,2100,300,150,FALSE,TRUE,TRUE,,Construction laborers
47-2000,47-2070,Construction and Extraction Occupations,Construction equipment operators,FALSE,FALSE,FALSE,TRUE,23.95,21.65,49810,45040,426600,413500,13200,46,5,24,0,0,5,12,0,1990,0,0,0,0,300,170,0,540,240,160,90,90,590,330,130,90,470,120,20,0,FALSE,TRUE,TRUE,,Construction equipment operators
47-2000,47-2080,Construction and Extraction Occupations,"Drywall installers, ceiling tile installers, and tapers",FALSE,FALSE,FALSE,TRUE,23.3,20.33,48460,42280,143200,111300,31900,6,0,0,0,5,0,0,1,1450,0,0,0,0,0,0,0,810,480,140,180,70,350,170,90,0,220,70,0,0,FALSE,TRUE,TRUE,,"Drywall installers, ceiling tile installers, and tapers"
47-2000,47-2110,Construction and Extraction Occupations,Electricians,FALSE,FALSE,FALSE,TRUE,27.24,25.35,56650,52720,666900,612800,54100,79,5,15,0,23,30,4,2,7340,0,0,0,0,290,270,0,2450,1130,920,350,400,2260,1680,340,150,1930,460,30,0,FALSE,TRUE,TRUE,,Electricians
47-2000,47-2130,Construction and Extraction Occupations,Insulation workers,FALSE,FALSE,FALSE,TRUE,21.67,18.89,45070,39280,59500,56600,2900,6,0,1,0,0,0,0,5,410,0,0,0,0,20,20,0,190,90,100,0,0,80,50,30,0,110,0,0,0,FALSE,TRUE,TRUE,,Insulation workers
47-2000,47-2140,Construction and Extraction Occupations,Painters and paperhangers,FALSE,FALSE,FALSE,TRUE,19.92,18.04,41430,37520,387300,223300,164000,52,0,10,0,29,9,0,4,3290,20,0,0,0,80,70,0,2220,1310,460,430,130,420,240,90,20,420,70,50,0,FALSE,TRUE,TRUE,,Painters and paperhangers
47-2000,47-2150,Construction and Extraction Occupations,"Pipelayers, plumbers, pipefitters, and steamfitters",FALSE,FALSE,FALSE,TRUE,26.38,24.18,54870,50300,524800,459600,65100,24,1,4,0,4,4,9,2,6300,260,0,0,30,170,150,0,1120,400,290,340,210,2620,1700,210,400,1920,430,20,0,FALSE,TRUE,TRUE,,"Pipelayers, plumbers, pipefitters, and steamfitters"
47-2000,47-2160,Construction and Extraction Occupations,Plasterers and stucco masons,FALSE,FALSE,FALSE,TRUE,21.19,18.7,44070,38890,27700,22700,5000,1,0,1,0,0,0,0,0,280,0,0,0,0,0,0,0,50,30,0,0,20,110,100,20,0,90,0,0,0,FALSE,TRUE,TRUE,,Plasterers and stucco masons
47-2000,47-2170,Construction and Extraction Occupations,Reinforcing iron and rebar workers,FALSE,FALSE,FALSE,TRUE,25.77,22.89,53600,47600,20100,18300,20100,6,0,0,0,3,0,1,2,170,0,0,0,0,0,0,0,50,20,20,0,0,110,70,0,30,0,0,0,0,FALSE,TRUE,TRUE,,Reinforcing iron and rebar workers
47-2000,47-2180,Construction and Extraction Occupations,Roofers,FALSE,FALSE,FALSE,TRUE,20.23,18.15,42080,37760,146200,115700,30600,101,0,7,0,81,12,0,1,3140,30,0,0,20,0,0,0,1340,840,350,130,290,610,470,70,70,860,210,30,0,FALSE,TRUE,TRUE,,Roofers
47-2000,47-2210,Construction and Extraction Occupations,Sheet metal workers,FALSE,FALSE,FALSE,TRUE,24.56,22.57,51080,46940,138900,136300,2600,6,1,0,0,3,0,0,2,1870,30,30,0,0,0,0,0,200,80,80,40,50,1120,440,330,330,460,90,30,0,FALSE,TRUE,TRUE,,Sheet metal workers
47-2000,47-2220,Construction and Extraction Occupations,Structural iron and steel workers,FALSE,FALSE,FALSE,TRUE,26.94,24.91,56040,51800,70200,69500,700,16,0,0,0,9,0,4,3,1420,0,0,0,0,0,0,0,330,110,170,40,0,710,230,40,80,350,70,0,0,FALSE,TRUE,TRUE,,Structural iron and steel workers
47-3000,47-3010,Construction and Extraction Occupations,"Helpers, construction trades",FALSE,FALSE,FALSE,TRUE,14.86,14.03,30900,29180,24100,23900,200,14,0,0,0,10,3,0,1,2150,40,0,0,0,80,80,0,820,750,20,40,40,680,520,110,40,490,220,40,0,FALSE,TRUE,TRUE,,"Helpers, construction trades"
47-4000,47-4010,Construction and Extraction Occupations,Construction and building inspectors,FALSE,FALSE,FALSE,TRUE,29.45,28.12,61250,58480,105100,97200,8000,9,0,5,0,3,0,0,1,40,0,0,0,0,20,20,0,20,20,0,0,0,0,0,0,0,0,0,0,0,FALSE,TRUE,TRUE,,Construction and building inspectors
47-4000,47-4020,Construction and Extraction Occupations,Elevator installers and repairers,FALSE,FALSE,FALSE,TRUE,36.95,37.93,76860,78890,22100,20000,22100,6,0,0,0,0,0,3,3,160,0,0,0,0,30,0,0,30,0,0,0,0,50,0,20,20,50,0,0,0,FALSE,TRUE,TRUE,,Elevator installers and repairers
47-4000,47-4030,Construction and Extraction Occupations,Fence erectors,FALSE,FALSE,FALSE,TRUE,17.49,15.94,36380,33150,25100,21300,3800,4,1,0,0,0,0,1,2,170,0,0,0,0,0,0,0,60,0,0,0,0,110,0,0,0,0,0,0,0,FALSE,TRUE,TRUE,,Fence erectors
47-4000,47-4040,Construction and Extraction Occupations,Hazardous materials removal workers,FALSE,FALSE,FALSE,TRUE,21.88,19.54,45500,40640,46200,44300,1900,4,0,0,0,0,0,0,4,90,0,0,0,0,0,0,0,20,20,0,0,0,20,0,0,0,20,0,0,0,FALSE,TRUE,TRUE,,Hazardous materials removal workers
47-4000,47-4050,Construction and Extraction Occupations,Highway maintenance workers,FALSE,FALSE,FALSE,TRUE,19.01,18.33,39540,38130,149900,148500,1400,12,0,12,0,0,0,0,0,50,0,0,0,0,0,0,0,0,0,0,0,0,40,30,0,0,0,0,0,0,FALSE,TRUE,TRUE,,Highway maintenance workers
47-4000,47-4060,Construction and Extraction Occupations,Rail-track laying and maintenance equipment operators,FALSE,FALSE,FALSE,TRUE,25.39,25.95,52810,53970,14000,100,14000,5,0,4,0,0,0,0,1,140,0,0,0,0,30,0,0,30,0,0,0,0,40,20,0,0,40,0,0,0,FALSE,TRUE,TRUE,,Rail-track laying and maintenance equipment operators
47-4000,47-4070,Construction and Extraction Occupations,Septic tank servicers and sewer pipe cleaners,FALSE,FALSE,FALSE,TRUE,18.69,17.51,38870,36430,28500,26500,2000,3,0,3,0,0,0,0,0,300,0,0,0,0,70,70,0,40,40,0,0,0,130,100,20,0,50,0,0,0,FALSE,TRUE,TRUE,,Septic tank servicers and sewer pipe cleaners
53-7000,53-7070,Transportation and Material Moving Occupations,"Pump operators, except wellhead pumpers",FALSE,FALSE,FALSE,FALSE,22.24,20.42,46270,42470,11900,11800,100,4,0,0,1,0,0,0,3,80,0,0,0,0,30,30,0,0,0,0,0,0,0,0,0,0,40,20,0,0,TRUE,TRUE,TRUE,,"Pump operators, except wellhead pumpers"
51-4000,51-4030,Production Occupations,"Cutting, punching, and press machine setters, operators, and tenders, metal and plastic",FALSE,FALSE,FALSE,FALSE,16.45,15.56,34210,32370,192700,192600,100,5,0,0,0,0,0,5,0,2350,0,0,0,0,20,0,0,330,70,220,50,50,1080,440,170,410,860,300,100,0,TRUE,TRUE,TRUE,,"Cutting, punching, and press machine setters, operators, and tenders, metal and plastic"
49-2000,49-2020,"Installation, Maintainance and Repair Occupations","Radio, cellular, and tower equipment installers and repairers",FALSE,FALSE,FALSE,FALSE,25.78,25.23,53620,52480,14500,14200,300,7,0,3,0,4,0,0,0,110,0,0,0,0,50,50,0,30,0,0,0,0,0,0,0,0,0,0,0,0,TRUE,TRUE,TRUE,,"Radio, cellular, and tower equipment installers and repairers"
49-9000,49-9040,"Installation, Maintainance and Repair Occupations","Maintenance workers, machinery",FALSE,FALSE,FALSE,FALSE,22.11,21.42,46000,44550,89700,89300,300,13,2,3,0,0,0,5,3,590,0,0,0,0,0,0,0,80,20,40,0,40,240,70,40,120,230,40,0,0,TRUE,TRUE,TRUE,,"Maintenance workers, machinery"
51-4000,51-4190,Production Occupations,Miscellaneous metalworkers and plastic workers,FALSE,FALSE,FALSE,TRUE,17.83,16.7,37090,34740,96700,96400,300,11,0,0,0,3,0,3,5,5520,0,0,0,0,30,0,0,670,90,440,130,200,2890,1130,450,1100,1690,500,300,0,FALSE,TRUE,TRUE,,Miscellaneous metalworkers and plastic workers
49-9000,49-9090,"Installation, Maintainance and Repair Occupations","Helpers--installation, maintenance, and repair workers",FALSE,FALSE,FALSE,FALSE,14.12,13.23,29370,27510,120200,119900,300,10,0,0,0,0,6,0,4,910,0,0,0,0,0,0,0,240,40,180,20,90,250,190,20,30,320,120,0,0,TRUE,TRUE,TRUE,,"Helpers--installation, maintenance, and repair workers"
51-9000,51-9190,Production Occupations,Helpers--production workers,FALSE,FALSE,FALSE,FALSE,12.95,11.94,26930,24830,426000,425700,300,3,0,0,0,0,0,0,3,1580,0,0,0,0,0,0,0,290,40,140,110,50,670,330,80,200,520,180,70,0,TRUE,TRUE,TRUE,,Helpers--production workers
51-9000,51-9020,Production Occupations,"Mixing and blending machine setters, operators, and tenders",FALSE,FALSE,FALSE,FALSE,18.09,17.16,37630,35680,131000,130600,400,4,0,1,0,0,0,2,1,610,0,0,0,0,0,0,0,130,50,40,40,80,220,70,50,80,170,60,20,0,TRUE,TRUE,TRUE,,"Mixing and blending machine setters, operators, and tenders"
53-1000,53-1020,Transportation and Material Moving Occupations,"Supervisors of helpers, laborers, and material movers, hand",FALSE,FALSE,FALSE,TRUE,24.12,22.71,50160,47230,184400,184100,400,15,4,4,0,4,0,3,0,1860,0,0,0,0,180,40,0,440,200,160,20,70,560,370,140,30,610,220,60,0,FALSE,TRUE,TRUE,,"Supervisors of helpers, laborers, and material movers, hand"
53-1000,53-1030,Transportation and Material Moving Occupations,Supervisors of transportation and material-moving machine and vehicle operators,FALSE,FALSE,FALSE,TRUE,28.75,27.54,59800,57270,204200,203800,400,10,3,4,0,1,0,0,2,880,0,0,0,0,90,60,0,330,60,180,80,20,220,110,50,50,190,40,0,20,FALSE,TRUE,TRUE,,Supervisors of transportation and material-moving machine and vehicle operators
49-1000,49-1010,"Installation, Maintainance and Repair Occupations","Supervisors of mechanics, installers, and repairers",FALSE,FALSE,FALSE,TRUE,32.08,30.55,66730,63540,462200,461700,500,44,16,4,0,8,4,11,1,3380,20,0,0,20,90,80,0,500,180,220,80,130,1630,880,80,90,1000,250,0,0,FALSE,TRUE,TRUE,,"Supervisors of mechanics, installers, and repairers"
47-5000,47-5040,Construction and Extraction Occupations,Continuous mining machine operators,FALSE,FALSE,FALSE,FALSE,25.31,24.92,52650,51840,12300,11600,700,3,0,0,0,0,0,3,0,50,0,0,0,0,0,0,0,0,0,0,0,0,20,20,0,0,20,0,0,0,TRUE,TRUE,TRUE,,Continuous mining machine operators
47-5000,47-5070,Construction and Extraction Occupations,"Roustabouts, oil and gas",FALSE,FALSE,FALSE,TRUE,19.46,17.95,40480,37340,50000,49100,900,8,0,4,0,0,0,3,1,170,0,0,0,0,0,0,0,0,0,0,0,0,130,60,0,50,30,0,0,0,FALSE,TRUE,TRUE,,"Roustabouts, oil and gas"
49-3000,49-3010,"Installation, Maintainance and Repair Occupations",Aircraft mechanics and service technicians,FALSE,FALSE,FALSE,TRUE,29.42,28.93,61190,60170,132000,131100,900,4,0,2,0,0,0,0,2,1920,0,0,0,0,0,0,0,480,120,250,110,0,560,270,230,40,840,280,80,0,FALSE,TRUE,TRUE,,Aircraft mechanics and service technicians
51-2000,51-2020,Production Occupations,Electrical and electronic equipment assemblers,FALSE,FALSE,FALSE,FALSE,16.2,15.06,33700,31310,218900,218000,1000,1,0,0,0,0,0,0,1,780,0,0,0,0,0,0,0,190,40,140,0,20,180,90,20,60,380,30,130,0,TRUE,TRUE,TRUE,,Electrical and electronic equipment assemblers
53-7000,53-7050,Transportation and Material Moving Occupations,Industrial truck and tractor operators,FALSE,FALSE,FALSE,TRUE,16.47,15.61,34260,32460,549900,548800,1000,37,1,17,0,3,1,15,0,5170,50,0,0,50,730,40,0,790,150,410,190,110,1740,1070,280,210,1740,570,50,0,FALSE,TRUE,TRUE,,Industrial truck and tractor operators
51-3000,51-3020,Production Occupations,"Meat, poultry, and fish cutters and trimmers",FALSE,FALSE,FALSE,FALSE,12.27,11.77,25510,24490,156400,155300,1100,7,3,3,0,0,0,0,1,1700,20,0,0,0,30,0,0,260,40,190,20,100,640,410,90,120,630,130,290,0,TRUE,TRUE,TRUE,,"Meat, poultry, and fish cutters and trimmers"
51-9000,51-9110,Production Occupations,Packaging and filling machine operators and tenders,FALSE,FALSE,FALSE,TRUE,14.86,13.6,30910,28290,383000,381900,1100,3,0,0,0,0,0,0,3,2660,20,0,0,0,40,0,0,550,40,430,70,90,1050,370,170,460,890,290,140,20,FALSE,TRUE,TRUE,,Packaging and filling machine operators and tenders
49-3000,49-3040,"Installation, Maintainance and Repair Occupations",Farm equipment mechanics and service technicians,FALSE,FALSE,FALSE,FALSE,18.9,18.18,39310,37820,42500,41300,1200,10,0,3,0,0,0,7,0,730,0,0,0,0,0,0,0,100,0,80,0,0,390,280,70,30,230,60,20,0,TRUE,TRUE,TRUE,,Farm equipment mechanics and service technicians
49-9000,49-9010,"Installation, Maintainance and Repair Occupations",Control and valve installers and repairers,FALSE,FALSE,FALSE,TRUE,24.72,23.07,51410,47980,67300,66000,1200,4,0,0,0,0,0,0,4,960,0,0,0,0,170,170,0,230,160,20,30,20,350,310,20,0,190,100,0,0,FALSE,TRUE,TRUE,,Control and valve installers and repairers
51-5000,51-5110,Production Occupations,Printing workers,FALSE,FALSE,FALSE,TRUE,17.79,16.88,37010,35120,34600,33200,1300,5,0,0,0,0,0,0,5,1850,0,0,0,0,0,0,0,380,30,300,50,50,700,200,100,410,690,210,70,0,FALSE,TRUE,TRUE,,Printing workers
53-5000,53-5020,Transportation and Material Moving Occupations,"Captains, mates, and pilots of water vessels",FALSE,FALSE,FALSE,FALSE,39.19,34.94,81520,72680,38800,37500,1300,4,0,3,0,0,0,0,1,50,0,0,0,0,0,0,0,0,0,0,0,0,0,0,0,0,20,0,0,0,TRUE,TRUE,TRUE,,"Captains, mates, and pilots of water vessels"
53-2000,53-2010,Transportation and Material Moving Occupations,Commercial pilots,FALSE,FALSE,FALSE,FALSE,,,86260,77200,40800,39400,1300,70,0,70,0,0,0,0,0,200,0,0,0,0,40,20,0,40,0,30,0,30,0,0,0,0,90,0,0,0,TRUE,TRUE,TRUE,,Commercial pilots
53-7000,53-7020,Transportation and Material Moving Occupations,Crane and tower operators,FALSE,FALSE,FALSE,TRUE,26.58,25.08,55280,52170,46000,44700,1300,16,0,2,0,0,0,11,3,380,0,0,0,0,20,0,0,100,20,30,0,50,150,100,0,40,50,0,0,0,FALSE,TRUE,TRUE,,Crane and tower operators
51-9000,51-9030,Production Occupations,"Cutting and slicing machine setters, operators, and tenders",FALSE,FALSE,FALSE,FALSE,16.35,15.8,34000,32870,63600,62200,1400,0,0,0,1,0,0,0,-1,450,0,0,0,0,0,0,0,50,0,50,0,0,210,60,60,80,160,70,20,0,TRUE,TRUE,TRUE,,"Cutting and slicing machine setters, operators, and tenders"
53-7000,53-7110,Transportation and Material Moving Occupations,Mine shuttle car operators,FALSE,FALSE,FALSE,TRUE,27.1,27.14,56370,56450,1500,1400,1500,1,0,1,0,0,0,0,0,50,0,0,0,0,0,0,0,0,0,0,0,0,30,0,20,0,20,0,0,0,FALSE,TRUE,TRUE,,Mine shuttle car operators
47-5000,47-5020,Construction and Extraction Occupations,"Earth drillers, except oil and gas",FALSE,FALSE,FALSE,TRUE,24.64,21.33,51240,44360,19600,18000,1600,4,0,0,0,0,0,0,4,100,0,0,0,0,0,0,0,20,0,20,0,0,30,0,0,0,50,0,0,0,FALSE,TRUE,TRUE,,"Earth drillers, except oil and gas"
53-3000,53-3020,Transportation and Material Moving Occupations,"Bus drivers, transit and intercity",FALSE,FALSE,FALSE,FALSE,20.09,19.13,41780,39790,179300,177700,1600,11,0,8,0,0,0,0,3,2560,100,90,0,0,820,600,0,670,110,460,90,60,260,70,70,20,640,130,20,0,TRUE,TRUE,TRUE,,"Bus drivers, transit and intercity"
49-3000,49-3090,"Installation, Maintainance and Repair Occupations",Tire repairers and changers,FALSE,FALSE,FALSE,FALSE,13.05,12.04,27150,25040,111700,109700,2000,3,0,1,1,0,0,0,1,1810,0,0,0,0,30,30,60,300,40,150,70,30,680,440,120,90,710,380,0,0,TRUE,TRUE,TRUE,,Tire repairers and changers
49-9000,49-9050,"Installation, Maintainance and Repair Occupations",Electrical power-line installers and repairers,FALSE,FALSE,FALSE,FALSE,32.29,32.7,67160,68010,120900,118900,2000,21,0,7,0,3,9,1,1,1330,0,0,0,0,70,50,0,400,150,150,100,150,200,130,30,30,490,50,30,0,TRUE,TRUE,TRUE,,Electrical power-line installers and repairers
49-3000,49-3050,"Installation, Maintainance and Repair Occupations",Motorcycle mechanics,FALSE,FALSE,FALSE,FALSE,17.81,16.69,37040,34720,18300,16100,2300,3,0,0,0,0,0,0,3,130,0,0,0,0,70,50,0,0,0,0,0,0,0,0,0,0,40,0,0,0,TRUE,TRUE,TRUE,,Motorcycle mechanics
51-9000,51-9060,Production Occupations,"Inspectors, testers, sorters, samplers, and weighers",FALSE,FALSE,FALSE,TRUE,19.4,17.68,40340,36780,520700,517900,2800,9,0,3,0,0,1,0,5,3750,70,30,40,0,150,100,0,1170,150,850,160,140,910,460,200,120,1300,380,300,0,FALSE,TRUE,TRUE,,"Inspectors, testers, sorters, samplers, and weighers"
51-9000,51-9120,Production Occupations,"Painters, transportation equipment",FALSE,FALSE,FALSE,FALSE,22.25,20.27,46270,42150,58100,55200,2900,5,0,0,0,0,3,0,2,300,0,0,0,0,0,0,0,70,20,0,50,0,90,40,50,0,130,20,20,0,TRUE,TRUE,TRUE,,"Painters, transportation equipment"
53-7000,53-7030,Transportation and Material Moving Occupations,Excavating and loading machine and dragline operators,FALSE,FALSE,FALSE,FALSE,21.74,19.72,45230,41030,50600,47600,3000,20,0,15,0,0,0,5,0,240,0,0,0,0,0,0,0,50,30,0,0,0,130,110,0,0,50,0,0,0,TRUE,TRUE,TRUE,,Excavating and loading machine and dragline operators
51-7000,51-7040,Production Occupations,"Sawing machine setters, operators, and tenders, wood",FALSE,FALSE,FALSE,FALSE,14.41,13.65,29960,28380,54800,51400,3400,5,0,0,0,0,0,4,1,1200,0,0,0,0,30,0,0,350,30,310,0,0,660,330,140,160,140,50,0,0,TRUE,TRUE,TRUE,,"Sawing machine setters, operators, and tenders, wood"
49-2000,49-2090,"Installation, Maintainance and Repair Occupations",Security and fire alarm systems installers,FALSE,FALSE,FALSE,FALSE,21.95,21.31,45660,44330,72300,68600,3700,3,0,0,0,0,0,0,3,430,0,0,0,0,60,60,0,120,80,20,30,0,50,30,0,0,180,0,0,0,TRUE,TRUE,TRUE,,Security and fire alarm systems installers
47-5000,47-5090,Construction and Extraction Occupations,Miscellaneous extraction workers,FALSE,FALSE,FALSE,FALSE,24.6,23.44,51170,48750,4200,3100,4200,12,0,3,0,0,0,7,2,640,0,0,0,0,0,0,0,90,30,60,0,50,290,140,60,80,210,90,0,0,TRUE,TRUE,TRUE,,Miscellaneous extraction workers
53-4000,53-4010,Transportation and Material Moving Occupations,"Rail yard engineers, dinkey operators, and hostlers",FALSE,FALSE,FALSE,FALSE,25.15,24.27,52320,50470,4400,100,4400,1,0,0,0,0,0,0,1,50,0,0,0,0,20,0,0,20,0,0,0,0,0,0,0,0,0,0,0,0,TRUE,TRUE,TRUE,,"Rail yard engineers, dinkey operators, and hostlers"
51-7000,51-7020,Production Occupations,Furniture finishers,FALSE,FALSE,FALSE,TRUE,15.54,14.69,32330,30550,22400,17400,5000,3,0,1,0,0,0,0,2,190,0,0,0,0,0,0,0,0,0,0,0,0,90,60,0,0,60,40,0,0,FALSE,TRUE,TRUE,,Furniture finishers
51-3000,51-3090,Production Occupations,Miscellaneous food processing workers,FALSE,FALSE,FALSE,TRUE,14.17,13.04,29470,27110,257400,252000,5400,3,0,0,0,0,0,0,3,2240,0,0,0,0,20,0,0,540,80,380,70,180,670,270,120,270,820,230,180,0,FALSE,TRUE,TRUE,,Miscellaneous food processing workers
51-4000,51-4040,Production Occupations,Machinists,FALSE,FALSE,FALSE,TRUE,20.78,20.05,43220,41700,396200,389600,6500,6,0,0,1,0,0,3,2,2880,0,0,0,0,0,0,0,370,60,220,60,60,1360,600,380,290,1070,400,90,0,FALSE,TRUE,TRUE,,Machinists
53-1000,53-1010,Transportation and Material Moving Occupations,Aircraft cargo handling supervisors,FALSE,FALSE,FALSE,TRUE,24.95,22.77,51900,47360,7600,100,7600,2,1,0,0,1,0,0,0,130,0,0,0,0,0,0,0,20,0,0,0,0,30,30,0,0,80,20,0,0,FALSE,TRUE,TRUE,,Aircraft cargo handling supervisors
51-4000,51-4050,Production Occupations,"Pourers and casters, metal",FALSE,FALSE,FALSE,FALSE,17.93,17.39,37300,36180,8400,8400,8400,1,0,0,0,0,0,0,1,170,0,0,0,0,0,0,0,20,0,0,0,70,40,20,0,20,40,0,0,0,TRUE,TRUE,TRUE,,"Pourers and casters, metal"
51-6000,51-6090,Production Occupations,Upholsterers,FALSE,FALSE,FALSE,FALSE,16.65,15.89,34640,33050,41600,32600,9000,1,0,0,0,0,0,0,1,320,0,0,0,0,0,0,0,30,0,20,0,0,90,70,20,0,190,50,40,0,TRUE,TRUE,TRUE,,Upholsterers
51-3000,51-3010,Production Occupations,Bakers,FALSE,FALSE,FALSE,TRUE,13.04,12.06,27110,25090,191000,181600,9400,3,0,0,0,0,0,0,3,1210,0,0,0,0,20,0,0,270,20,210,30,40,400,230,50,110,450,100,140,0,FALSE,TRUE,TRUE,,Bakers
51-1000,51-1010,Production Occupations,Supervisors of production and operating workers,FALSE,FALSE,FALSE,TRUE,29.54,27.78,61450,57780,621400,612000,9400,31,10,5,0,4,5,6,1,3180,0,0,0,0,80,40,20,730,170,450,100,190,1200,500,450,190,940,270,120,0,FALSE,TRUE,TRUE,,Supervisors of production and operating workers
53-5000,53-5030,Transportation and Material Moving Occupations,Ship engineers,FALSE,FALSE,FALSE,TRUE,35.64,33.93,74120,70570,10100,400,10100,3,0,2,0,0,0,0,1,70,0,0,0,0,0,0,0,20,0,0,0,0,0,0,0,0,30,0,0,0,FALSE,TRUE,TRUE,,Ship engineers
51-6000,51-6010,Production Occupations,Laundry and dry-cleaning workers,FALSE,FALSE,FALSE,TRUE,11.16,10.34,23210,21510,220100,210000,10100,3,0,0,0,0,2,0,1,2490,0,0,0,0,0,0,0,370,0,260,100,220,500,280,120,80,1360,200,120,0,FALSE,TRUE,TRUE,,Laundry and dry-cleaning workers
47-5000,47-5010,Construction and Extraction Occupations,"Derrick operators, oil and gas",FALSE,FALSE,FALSE,FALSE,24.59,23.14,51140,48130,11100,100,11100,3,0,0,0,0,0,0,3,180,0,0,0,0,0,0,0,0,0,0,0,0,140,30,0,110,20,20,0,0,TRUE,TRUE,TRUE,,"Derrick operators, oil and gas"
49-9000,49-9030,"Installation, Maintainance and Repair Occupations",Home appliance repairers,FALSE,FALSE,FALSE,TRUE,19.42,18.06,40390,37570,46600,33400,13300,3,0,0,0,0,0,0,3,120,0,0,0,0,40,40,0,0,0,0,0,0,20,0,0,0,60,20,0,0,FALSE,TRUE,TRUE,,Home appliance repairers
49-9000,49-9070,"Installation, Maintainance and Repair Occupations","Maintenance and repair workers, general",FALSE,FALSE,FALSE,TRUE,18.92,17.76,39360,36940,1432600,1418800,13800,75,6,16,3,34,9,7,0,21250,340,40,0,300,560,360,170,5310,2460,2130,640,830,6280,3320,1300,1230,7710,2810,200,50,FALSE,TRUE,TRUE,,"Maintenance and repair workers, general"
49-3000,49-3020,"Installation, Maintainance and Repair Occupations",Automotive body and related repairers,FALSE,FALSE,FALSE,FALSE,21.72,19.97,45180,41540,160400,145500,14900,6,3,0,0,0,0,0,3,1620,0,0,0,0,40,0,0,40,0,20,20,20,990,450,400,0,530,170,20,0,TRUE,TRUE,TRUE,,Automotive body and related repairers
53-7000,53-7060,Transportation and Material Moving Occupations,Cleaners of vehicles and equipment,FALSE,FALSE,FALSE,FALSE,11.85,10.68,24660,22220,369200,353700,15500,17,4,0,1,0,4,4,4,3260,0,0,0,0,500,110,0,720,150,400,150,360,1120,820,140,90,550,110,40,0,TRUE,TRUE,TRUE,,Cleaners of vehicles and equipment
51-2000,51-2090,Production Occupations,Team assemblers,FALSE,FALSE,FALSE,FALSE,15.65,14.45,32550,30060,1130900,1114700,16100,3,0,0,0,0,0,0,3,1870,20,0,0,0,20,0,0,210,0,150,40,50,340,180,80,40,1230,220,390,0,TRUE,TRUE,TRUE,,Team assemblers
53-3000,53-3010,Transportation and Material Moving Occupations,"Ambulance drivers and attendants, except emergency medical technicians",FALSE,FALSE,FALSE,TRUE,12.31,11.46,25600,23850,17300,2400,17300,1,0,1,0,0,0,0,0,70,0,0,0,0,0,0,0,0,0,0,0,0,20,0,0,0,30,20,0,0,FALSE,TRUE,TRUE,,"Ambulance drivers and attendants, except emergency medical technicians"
53-7000,53-7080,Transportation and Material Moving Occupations,Refuse and recyclable material collectors,FALSE,FALSE,FALSE,TRUE,18.12,16.95,37690,35270,136000,116800,19100,31,0,21,0,0,0,7,3,1630,0,0,0,0,350,230,0,340,110,180,40,40,450,260,50,80,350,200,20,100,FALSE,TRUE,TRUE,,Refuse and recyclable material collectors
49-3000,49-3030,"Installation, Maintainance and Repair Occupations",Bus and truck mechanics and diesel engine specialists,FALSE,FALSE,FALSE,TRUE,22.45,21.72,46710,45170,278800,259500,19300,29,3,9,1,0,3,12,1,3980,0,0,0,0,60,30,30,950,240,520,130,160,1220,900,140,110,1550,400,30,0,FALSE,TRUE,TRUE,,Bus and truck mechanics and diesel engine specialists
51-4000,51-4120,Production Occupations,"Welders, cutters, solderers, and brazers",FALSE,FALSE,FALSE,FALSE,20.41,18.94,42450,39390,404800,382700,22000,39,4,3,5,10,5,12,0,4590,30,0,0,0,30,0,30,480,110,230,90,450,2510,1650,150,320,1010,240,110,50,TRUE,TRUE,TRUE,,"Welders, cutters, solderers, and brazers"
53-7000,53-7010,Transportation and Material Moving Occupations,Conveyor operators and tenders,FALSE,FALSE,FALSE,TRUE,16.28,15.1,33870,31410,28100,1500,28100,5,0,0,2,0,0,3,0,180,0,0,0,0,0,0,0,30,0,0,0,0,60,20,0,20,90,40,0,0,FALSE,TRUE,TRUE,,Conveyor operators and tenders
53-6000,53-6050,Transportation and Material Moving Occupations,Transportation inspectors,FALSE,FALSE,FALSE,TRUE,34.93,34.72,72650,72220,28200,700,28200,1,0,1,0,0,0,0,0,50,0,0,0,0,0,0,0,20,0,0,0,0,0,0,0,0,20,0,0,0,FALSE,TRUE,TRUE,,Transportation inspectors
51-4000,51-4020,Production Occupations,"Rolling machine setters, operators, and tenders, metal and plastic",FALSE,FALSE,FALSE,FALSE,20.14,19.56,41900,40680,29000,100,29000,5,0,0,0,0,0,4,1,240,0,0,0,0,0,0,0,30,0,20,0,0,110,40,30,40,90,30,20,0,TRUE,TRUE,TRUE,,"Rolling machine setters, operators, and tenders, metal and plastic"
49-9000,49-9020,"Installation, Maintainance and Repair Occupations","Heating, air conditioning, and refrigeration mechanics",FALSE,FALSE,FALSE,TRUE,23.23,22.07,48320,45910,332900,302700,30200,37,4,9,0,11,10,3,0,6550,30,20,0,0,490,450,170,1990,920,930,130,620,1530,1060,180,230,1700,470,40,0,FALSE,TRUE,TRUE,,"Heating, air conditioning, and refrigeration mechanics"
53-5000,53-5010,Transportation and Material Moving Occupations,Sailors and marine oilers,FALSE,FALSE,FALSE,TRUE,22.2,20.22,46170,42060,33800,1300,33800,15,4,9,0,0,0,0,2,440,0,0,0,0,30,0,0,80,40,20,0,0,200,140,0,50,110,20,0,0,FALSE,TRUE,TRUE,,Sailors and marine oilers
51-8000,51-8010,Production Occupations,Power plant operators,FALSE,FALSE,FALSE,FALSE,35.48,35.91,73800,74690,36100,100,36100,3,0,0,0,0,0,1,2,190,0,0,0,0,0,0,0,100,40,60,0,0,0,0,0,0,70,30,0,0,TRUE,TRUE,TRUE,,Power plant operators
53-3000,53-3030,Transportation and Material Moving Occupations,Driver/sales workers,FALSE,FALSE,FALSE,FALSE,13.67,10.98,28440,22830,467900,430100,37800,71,14,53,0,0,0,3,1,8790,160,130,0,30,1790,1280,0,2210,540,1280,340,230,1560,1020,270,240,2790,880,30,50,TRUE,TRUE,TRUE,,Driver/sales workers
51-8000,51-8090,Production Occupations,"Petroleum pump system operators, refinery operators, and gaugers",FALSE,FALSE,FALSE,FALSE,32.63,32.4,67870,67400,41800,7600,41800,4,0,0,1,0,0,0,3,80,0,0,0,0,0,0,0,20,20,0,0,0,20,0,0,0,20,0,0,0,TRUE,TRUE,TRUE,,"Petroleum pump system operators, refinery operators, and gaugers"
53-4000,53-4030,Transportation and Material Moving Occupations,Railroad conductors and yardmasters,FALSE,FALSE,FALSE,TRUE,27.99,27.64,58220,57480,41800,38200,41800,6,0,5,0,1,0,0,0,720,30,20,0,0,100,20,0,200,0,0,0,60,120,40,40,30,160,0,0,60,FALSE,TRUE,TRUE,,Railroad conductors and yardmasters
51-9000,51-9040,Production Occupations,"Extruding, forming, pressing, and compacting machine setters, operators, and tenders",FALSE,FALSE,FALSE,TRUE,16.52,15.63,34370,32510,71400,200,71400,3,1,0,0,0,0,0,2,400,0,0,0,0,0,0,0,60,0,50,0,20,150,60,20,70,160,30,30,0,FALSE,TRUE,TRUE,,"Extruding, forming, pressing, and compacting machine setters, operators, and tenders"
53-3000,53-3040,Transportation and Material Moving Occupations,Taxi drivers and chauffeurs,FALSE,FALSE,FALSE,TRUE,12.88,11.68,26790,24300,305100,194500,110600,60,26,30,0,0,0,0,4,2550,60,50,0,0,1000,870,0,630,190,320,100,0,180,100,60,0,620,290,0,40,FALSE,TRUE,TRUE,,Taxi drivers and chauffeurs
51-8000,51-8030,Production Occupations,Water and wastewater treatment plant and system operators,FALSE,FALSE,FALSE,TRUE,23.04,22,47930,45760,119200,400,119200,5,0,1,0,0,0,0,4,210,0,0,0,0,20,20,0,50,20,20,0,0,20,0,0,0,110,20,0,0,FALSE,TRUE,TRUE,,Water and wastewater treatment plant and system operators
51-4000,51-4070,Production Occupations,"Molding, coremaking, and casting machine setters, operators, and tenders, metal and plastic",FALSE,FALSE,FALSE,FALSE,15.7,14.65,32660,30480,145400,135100,145400,4,0,0,0,0,0,3,1,920,0,0,0,0,0,0,0,170,30,110,30,110,380,210,80,70,240,90,50,0,TRUE,TRUE,TRUE,,"Molding, coremaking, and casting machine setters, operators, and tenders, metal and plastic"
,,,,,,,,,,,,,,,,,,,,,,,,,,,,,,,,,,,,,,,,,,,,,,,,
,,,,,,,,,,,,,,,,,,,,,,,,,,,,,,,,,,,,,,,,,,,,,,,,
,,,,,,,,,,,,,,,,,,,,,,,,,,,,,,,,,,,,,,,,,,,,,,,,
,,,,,,,,,,,,,,,,,,,,,,,,,,,,,,,,,,,,,,,,,,,,,,,,
,,,,,,,,,,,,,,,,,,,,,,,,,,,,,,,,,,,,,,,,,,,,,,,,
,,,,,,,,,,,,,,,,,,,,,,,,,,,,,,,,,,,,,,,,,,,,,,,,
,,,,,,,,,,,,,,,,,,,,,,,,,,,,,,,,,,,,,,,,,,,,,,,,
,,,,,,,,,,,,,,,,,,,,,,,,,,,,,,,,,,,,,,,,,,,,,,,,
,,,,,,,,,,,,,,,,,,,,,,,,,,,,,,,,,,,,,,,,,,,,,,,,
,,,,,,,,,,,,,,,,,,,,,,,,,,,,,,,,,,,,,,,,,,,,,,,,
,,,,,,,,,,,,,,,,,,,,,,,,,,,,,,,,,,,,,,,,,,,,,,,,
,,,,,,,,,,,,,,,,,,,,,,,,,,,,,,,,,,,,,,,,,,,,,,,,
,,,,,,,,,,,,,,,,,,,,,,,,,,,,,,,,,,,,,,,,,,,,,,,,
,,,,,,,,,,,,,,,,,,,,,,,,,,,,,,,,,,,,,,,,,,,,,,,,
,,,,,,,,,,,,,,,,,,,,,,,,,,,,,,,,,,,,,,,,,,,,,,,,
,,,,,,,,,,,,,,,,,,,,,,,,,,,,,,,,,,,,,,,,,,,,,,,,
,,,,,,,,,,,,,,,,,,,,,,,,,,,,,,,,,,,,,,,,,,,,,,,,
,,,,,,,,,,,,,,,,,,,,,,,,,,,,,,,,,,,,,,,,,,,,,,,,
,,,,,,,,,,,,,,,,,,,,,,,,,,,,,,,,,,,,,,,,,,,,,,,,
,,,,,,,,,,,,,,,,,,,,,,,,,,,,,,,,,,,,,,,,,,,,,,,,
,,,,,,,,,,,,,,,,,,,,,,,,,,,,,,,,,,,,,,,,,,,,,,,,
,,,,,,,,,,,,,,,,,,,,,,,,,,,,,,,,,,,,,,,,,,,,,,,,
,,,,,,,,,,,,,,,,,,,,,,,,,,,,,,,,,,,,,,,,,,,,,,,,
,,,,,,,,,,,,,,,,,,,,,,,,,,,,,,,,,,,,,,,,,,,,,,,,
,,,,,,,,,,,,,,,,,,,,,,,,,,,,,,,,,,,,,,,,,,,,,,,,
,,,,,,,,,,,,,,,,,,,,,,,,,,,,,,,,,,,,,,,,,,,,,,,,
,,,,,,,,,,,,,,,,,,,,,,,,,,,,,,,,,,,,,,,,,,,,,,,,
,,,,,,,,,,,,,,,,,,,,,,,,,,,,,,,,,,,,,,,,,,,,,,,,
,,,,,,,,,,,,,,,,,,,,,,,,,,,,,,,,,,,,,,,,,,,,,,,,
,,,,,,,,,,,,,,,,,,,,,,,,,,,,,,,,,,,,,,,,,,,,,,,,
,,,,,,,,,,,,,,,,,,,,,,,,,,,,,,,,,,,,,,,,,,,,,,,,
,,,,,,,,,,,,,,,,,,,,,,,,,,,,,,,,,,,,,,,,,,,,,,,,
,,,,,,,,,,,,,,,,,,,,,,,,,,,,,,,,,,,,,,,,,,,,,,,,
,,,,,,,,,,,,,,,,,,,,,,,,,,,,,,,,,,,,,,,,,,,,,,,,
,,,,,,,,,,,,,,,,,,,,,,,,,,,,,,,,,,,,,,,,,,,,,,,,
,,,,,,,,,,,,,,,,,,,,,,,,,,,,,,,,,,,,,,,,,,,,,,,,
,,,,,,,,,,,,,,,,,,,,,,,,,,,,,,,,,,,,,,,,,,,,,,,,
,,,,,,,,,,,,,,,,,,,,,,,,,,,,,,,,,,,,,,,,,,,,,,,,
,,,,,,,,,,,,,,,,,,,,,,,,,,,,,,,,,,,,,,,,,,,,,,,,
,,,,,,,,,,,,,,,,,,,,,,,,,,,,,,,,,,,,,,,,,,,,,,,,
,,,,,,,,,,,,,,,,,,,,,,,,,,,,,,,,,,,,,,,,,,,,,,,,
,,,,,,,,,,,,,,,,,,,,,,,,,,,,,,,,,,,,,,,,,,,,,,,,
,,,,,,,,,,,,,,,,,,,,,,,,,,,,,,,,,,,,,,,,,,,,,,,,
,,,,,,,,,,,,,,,,,,,,,,,,,,,,,,,,,,,,,,,,,,,,,,,,
,,,,,,,,,,,,,,,,,,,,,,,,,,,,,,,,,,,,,,,,,,,,,,,,
,,,,,,,,,,,,,,,,,,,,,,,,,,,,,,,,,,,,,,,,,,,,,,,,
,,,,,,,,,,,,,,,,,,,,,,,,,,,,,,,,,,,,,,,,,,,,,,,,
,,,,,,,,,,,,,,,,,,,,,,,,,,,,,,,,,,,,,,,,,,,,,,,,
,,,,,,,,,,,,,,,,,,,,,,,,,,,,,,,,,,,,,,,,,,,,,,,,
,,,,,,,,,,,,,,,,,,,,,,,,,,,,,,,,,,,,,,,,,,,,,,,,
,,,,,,,,,,,,,,,,,,,,,,,,,,,,,,,,,,,,,,,,,,,,,,,,
,,,,,,,,,,,,,,,,,,,,,,,,,,,,,,,,,,,,,,,,,,,,,,,,
,,,,,,,,,,,,,,,,,,,,,,,,,,,,,,,,,,,,,,,,,,,,,,,,
,,,,,,,,,,,,,,,,,,,,,,,,,,,,,,,,,,,,,,,,,,,,,,,,
,,,,,,,,,,,,,,,,,,,,,,,,,,,,,,,,,,,,,,,,,,,,,,,,
,,,,,,,,,,,,,,,,,,,,,,,,,,,,,,,,,,,,,,,,,,,,,,,,
,,,,,,,,,,,,,,,,,,,,,,,,,,,,,,,,,,,,,,,,,,,,,,,,
,,,,,,,,,,,,,,,,,,,,,,,,,,,,,,,,,,,,,,,,,,,,,,,,
,,,,,,,,,,,,,,,,,,,,,,,,,,,,,,,,,,,,,,,,,,,,,,,,
,,,,,,,,,,,,,,,,,,,,,,,,,,,,,,,,,,,,,,,,,,,,,,,,
,,,,,,,,,,,,,,,,,,,,,,,,,,,,,,,,,,,,,,,,,,,,,,,,
,,,,,,,,,,,,,,,,,,,,,,,,,,,,,,,,,,,,,,,,,,,,,,,,
,,,,,,,,,,,,,,,,,,,,,,,,,,,,,,,,,,,,,,,,,,,,,,,,
,,,,,,,,,,,,,,,,,,,,,,,,,,,,,,,,,,,,,,,,,,,,,,,,
,,,,,,,,,,,,,,,,,,,,,,,,,,,,,,,,,,,,,,,,,,,,,,,,
,,,,,,,,,,,,,,,,,,,,,,,,,,,,,,,,,,,,,,,,,,,,,,,,
,,,,,,,,,,,,,,,,,,,,,,,,,,,,,,,,,,,,,,,,,,,,,,,,
,,,,,,,,,,,,,,,,,,,,,,,,,,,,,,,,,,,,,,,,,,,,,,,,
,,,,,,,,,,,,,,,,,,,,,,,,,,,,,,,,,,,,,,,,,,,,,,,,
,,,,,,,,,,,,,,,,,,,,,,,,,,,,,,,,,,,,,,,,,,,,,,,,
,,,,,,,,,,,,,,,,,,,,,,,,,,,,,,,,,,,,,,,,,,,,,,,,
,,,,,,,,,,,,,,,,,,,,,,,,,,,,,,,,,,,,,,,,,,,,,,,,
,,,,,,,,,,,,,,,,,,,,,,,,,,,,,,,,,,,,,,,,,,,,,,,,
,,,,,,,,,,,,,,,,,,,,,,,,,,,,,,,,,,,,,,,,,,,,,,,,
,,,,,,,,,,,,,,,,,,,,,,,,,,,,,,,,,,,,,,,,,,,,,,,,
,,,,,,,,,,,,,,,,,,,,,,,,,,,,,,,,,,,,,,,,,,,,,,,,
,,,,,,,,,,,,,,,,,,,,,,,,,,,,,,,,,,,,,,,,,,,,,,,,
,,,,,,,,,,,,,,,,,,,,,,,,,,,,,,,,,,,,,,,,,,,,,,,,
,,,,,,,,,,,,,,,,,,,,,,,,,,,,,,,,,,,,,,,,,,,,,,,,
,,,,,,,,,,,,,,,,,,,,,,,,,,,,,,,,,,,,,,,,,,,,,,,,
,,,,,,,,,,,,,,,,,,,,,,,,,,,,,,,,,,,,,,,,,,,,,,,,
,,,,,,,,,,,,,,,,,,,,,,,,,,,,,,,,,,,,,,,,,,,,,,,,
,,,,,,,,,,,,,,,,,,,,,,,,,,,,,,,,,,,,,,,,,,,,,,,,
,,,,,,,,,,,,,,,,,,,,,,,,,,,,,,,,,,,,,,,,,,,,,,,,
,,,,,,,,,,,,,,,,,,,,,,,,,,,,,,,,,,,,,,,,,,,,,,,,
,,,,,,,,,,,,,,,,,,,,,,,,,,,,,,,,,,,,,,,,,,,,,,,,
,,,,,,,,,,,,,,,,,,,,,,,,,,,,,,,,,,,,,,,,,,,,,,,,
,,,,,,,,,,,,,,,,,,,,,,,,,,,,,,,,,,,,,,,,,,,,,,,,
,,,,,,,,,,,,,,,,,,,,,,,,,,,,,,,,,,,,,,,,,,,,,,,,
,,,,,,,,,,,,,,,,,,,,,,,,,,,,,,,,,,,,,,,,,,,,,,,,
,,,,,,,,,,,,,,,,,,,,,,,,,,,,,,,,,,,,,,,,,,,,,,,,
,,,,,,,,,,,,,,,,,,,,,,,,,,,,,,,,,,,,,,,,,,,,,,,,
,,,,,,,,,,,,,,,,,,,,,,,,,,,,,,,,,,,,,,,,,,,,,,,,
,,,,,,,,,,,,,,,,,,,,,,,,,,,,,,,,,,,,,,,,,,,,,,,,
,,,,,,,,,,,,,,,,,,,,,,,,,,,,,,,,,,,,,,,,,,,,,,,,
,,,,,,,,,,,,,,,,,,,,,,,,,,,,,,,,,,,,,,,,,,,,,,,,
,,,,,,,,,,,,,,,,,,,,,,,,,,,,,,,,,,,,,,,,,,,,,,,,
,,,,,,,,,,,,,,,,,,,,,,,,,,,,,,,,,,,,,,,,,,,,,,,,
,,,,,,,,,,,,,,,,,,,,,,,,,,,,,,,,,,,,,,,,,,,,,,,,
,,,,,,,,,,,,,,,,,,,,,,,,,,,,,,,,,,,,,,,,,,,,,,,,
,,,,,,,,,,,,,,,,,,,,,,,,,,,,,,,,,,,,,,,,,,,,,,,,
,,,,,,,,,,,,,,,,,,,,,,,,,,,,,,,,,,,,,,,,,,,,,,,,
,,,,,,,,,,,,,,,,,,,,,,,,,,,,,,,,,,,,,,,,,,,,,,,,
,,,,,,,,,,,,,,,,,,,,,,,,,,,,,,,,,,,,,,,,,,,,,,,,
,,,,,,,,,,,,,,,,,,,,,,,,,,,,,,,,,,,,,,,,,,,,,,,,
,,,,,,,,,,,,,,,,,,,,,,,,,,,,,,,,,,,,,,,,,,,,,,,,
,,,,,,,,,,,,,,,,,,,,,,,,,,,,,,,,,,,,,,,,,,,,,,,,
,,,,,,,,,,,,,,,,,,,,,,,,,,,,,,,,,,,,,,,,,,,,,,,,
,,,,,,,,,,,,,,,,,,,,,,,,,,,,,,,,,,,,,,,,,,,,,,,,
,,,,,,,,,,,,,,,,,,,,,,,,,,,,,,,,,,,,,,,,,,,,,,,,
,,,,,,,,,,,,,,,,,,,,,,,,,,,,,,,,,,,,,,,,,,,,,,,,
,,,,,,,,,,,,,,,,,,,,,,,,,,,,,,,,,,,,,,,,,,,,,,,,
,,,,,,,,,,,,,,,,,,,,,,,,,,,,,,,,,,,,,,,,,,,,,,,,
,,,,,,,,,,,,,,,,,,,,,,,,,,,,,,,,,,,,,,,,,,,,,,,,
,,,,,,,,,,,,,,,,,,,,,,,,,,,,,,,,,,,,,,,,,,,,,,,,
,,,,,,,,,,,,,,,,,,,,,,,,,,,,,,,,,,,,,,,,,,,,,,,,
,,,,,,,,,,,,,,,,,,,,,,,,,,,,,,,,,,,,,,,,,,,,,,,,
,,,,,,,,,,,,,,,,,,,,,,,,,,,,,,,,,,,,,,,,,,,,,,,,
,,,,,,,,,,,,,,,,,,,,,,,,,,,,,,,,,,,,,,,,,,,,,,,,
,,,,,,,,,,,,,,,,,,,,,,,,,,,,,,,,,,,,,,,,,,,,,,,,
,,,,,,,,,,,,,,,,,,,,,,,,,,,,,,,,,,,,,,,,,,,,,,,,
,,,,,,,,,,,,,,,,,,,,,,,,,,,,,,,,,,,,,,,,,,,,,,,,
,,,,,,,,,,,,,,,,,,,,,,,,,,,,,,,,,,,,,,,,,,,,,,,,
,,,,,,,,,,,,,,,,,,,,,,,,,,,,,,,,,,,,,,,,,,,,,,,,
,,,,,,,,,,,,,,,,,,,,,,,,,,,,,,,,,,,,,,,,,,,,,,,,
,,,,,,,,,,,,,,,,,,,,,,,,,,,,,,,,,,,,,,,,,,,,,,,,
,,,,,,,,,,,,,,,,,,,,,,,,,,,,,,,,,,,,,,,,,,,,,,,,
,,,,,,,,,,,,,,,,,,,,,,,,,,,,,,,,,,,,,,,,,,,,,,,,
,,,,,,,,,,,,,,,,,,,,,,,,,,,,,,,,,,,,,,,,,,,,,,,,
,,,,,,,,,,,,,,,,,,,,,,,,,,,,,,,,,,,,,,,,,,,,,,,,
,,,,,,,,,,,,,,,,,,,,,,,,,,,,,,,,,,,,,,,,,,,,,,,,
,,,,,,,,,,,,,,,,,,,,,,,,,,,,,,,,,,,,,,,,,,,,,,,,
,,,,,,,,,,,,,,,,,,,,,,,,,,,,,,,,,,,,,,,,,,,,,,,,
,,,,,,,,,,,,,,,,,,,,,,,,,,,,,,,,,,,,,,,,,,,,,,,,
,,,,,,,,,,,,,,,,,,,,,,,,,,,,,,,,,,,,,,,,,,,,,,,,
,,,,,,,,,,,,,,,,,,,,,,,,,,,,,,,,,,,,,,,,,,,,,,,,
,,,,,,,,,,,,,,,,,,,,,,,,,,,,,,,,,,,,,,,,,,,,,,,,
,,,,,,,,,,,,,,,,,,,,,,,,,,,,,,,,,,,,,,,,,,,,,,,,
,,,,,,,,,,,,,,,,,,,,,,,,,,,,,,,,,,,,,,,,,,,,,,,,
,,,,,,,,,,,,,,,,,,,,,,,,,,,,,,,,,,,,,,,,,,,,,,,,
,,,,,,,,,,,,,,,,,,,,,,,,,,,,,,,,,,,,,,,,,,,,,,,,
,,,,,,,,,,,,,,,,,,,,,,,,,,,,,,,,,,,,,,,,,,,,,,,,
,,,,,,,,,,,,,,,,,,,,,,,,,,,,,,,,,,,,,,,,,,,,,,,,
,,,,,,,,,,,,,,,,,,,,,,,,,,,,,,,,,,,,,,,,,,,,,,,,
,,,,,,,,,,,,,,,,,,,,,,,,,,,,,,,,,,,,,,,,,,,,,,,,
,,,,,,,,,,,,,,,,,,,,,,,,,,,,,,,,,,,,,,,,,,,,,,,,
,,,,,,,,,,,,,,,,,,,,,,,,,,,,,,,,,,,,,,,,,,,,,,,,
,,,,,,,,,,,,,,,,,,,,,,,,,,,,,,,,,,,,,,,,,,,,,,,,
,,,,,,,,,,,,,,,,,,,,,,,,,,,,,,,,,,,,,,,,,,,,,,,,
,,,,,,,,,,,,,,,,,,,,,,,,,,,,,,,,,,,,,,,,,,,,,,,,
,,,,,,,,,,,,,,,,,,,,,,,,,,,,,,,,,,,,,,,,,,,,,,,,
,,,,,,,,,,,,,,,,,,,,,,,,,,,,,,,,,,,,,,,,,,,,,,,,
,,,,,,,,,,,,,,,,,,,,,,,,,,,,,,,,,,,,,,,,,,,,,,,,
,,,,,,,,,,,,,,,,,,,,,,,,,,,,,,,,,,,,,,,,,,,,,,,,
,,,,,,,,,,,,,,,,,,,,,,,,,,,,,,,,,,,,,,,,,,,,,,,,
,,,,,,,,,,,,,,,,,,,,,,,,,,,,,,,,,,,,,,,,,,,,,,,,
,,,,,,,,,,,,,,,,,,,,,,,,,,,,,,,,,,,,,,,,,,,,,,,,
,,,,,,,,,,,,,,,,,,,,,,,,,,,,,,,,,,,,,,,,,,,,,,,,
,,,,,,,,,,,,,,,,,,,,,,,,,,,,,,,,,,,,,,,,,,,,,,,,
,,,,,,,,,,,,,,,,,,,,,,,,,,,,,,,,,,,,,,,,,,,,,,,,
,,,,,,,,,,,,,,,,,,,,,,,,,,,,,,,,,,,,,,,,,,,,,,,,
,,,,,,,,,,,,,,,,,,,,,,,,,,,,,,,,,,,,,,,,,,,,,,,,
,,,,,,,,,,,,,,,,,,,,,,,,,,,,,,,,,,,,,,,,,,,,,,,,
,,,,,,,,,,,,,,,,,,,,,,,,,,,,,,,,,,,,,,,,,,,,,,,,
,,,,,,,,,,,,,,,,,,,,,,,,,,,,,,,,,,,,,,,,,,,,,,,,
,,,,,,,,,,,,,,,,,,,,,,,,,,,,,,,,,,,,,,,,,,,,,,,,
,,,,,,,,,,,,,,,,,,,,,,,,,,,,,,,,,,,,,,,,,,,,,,,,
,,,,,,,,,,,,,,,,,,,,,,,,,,,,,,,,,,,,,,,,,,,,,,,,
,,,,,,,,,,,,,,,,,,,,,,,,,,,,,,,,,,,,,,,,,,,,,,,,
,,,,,,,,,,,,,,,,,,,,,,,,,,,,,,,,,,,,,,,,,,,,,,,,
,,,,,,,,,,,,,,,,,,,,,,,,,,,,,,,,,,,,,,,,,,,,,,,,
,,,,,,,,,,,,,,,,,,,,,,,,,,,,,,,,,,,,,,,,,,,,,,,,
,,,,,,,,,,,,,,,,,,,,,,,,,,,,,,,,,,,,,,,,,,,,,,,,
,,,,,,,,,,,,,,,,,,,,,,,,,,,,,,,,,,,,,,,,,,,,,,,,
,,,,,,,,,,,,,,,,,,,,,,,,,,,,,,,,,,,,,,,,,,,,,,,,
,,,,,,,,,,,,,,,,,,,,,,,,,,,,,,,,,,,,,,,,,,,,,,,,
,,,,,,,,,,,,,,,,,,,,,,,,,,,,,,,,,,,,,,,,,,,,,,,,
,,,,,,,,,,,,,,,,,,,,,,,,,,,,,,,,,,,,,,,,,,,,,,,,
,,,,,,,,,,,,,,,,,,,,,,,,,,,,,,,,,,,,,,,,,,,,,,,,
,,,,,,,,,,,,,,,,,,,,,,,,,,,,,,,,,,,,,,,,,,,,,,,,
,,,,,,,,,,,,,,,,,,,,,,,,,,,,,,,,,,,,,,,,,,,,,,,,
,,,,,,,,,,,,,,,,,,,,,,,,,,,,,,,,,,,,,,,,,,,,,,,,
,,,,,,,,,,,,,,,,,,,,,,,,,,,,,,,,,,,,,,,,,,,,,,,,
,,,,,,,,,,,,,,,,,,,,,,,,,,,,,,,,,,,,,,,,,,,,,,,,
,,,,,,,,,,,,,,,,,,,,,,,,,,,,,,,,,,,,,,,,,,,,,,,,
,,,,,,,,,,,,,,,,,,,,,,,,,,,,,,,,,,,,,,,,,,,,,,,,
,,,,,,,,,,,,,,,,,,,,,,,,,,,,,,,,,,,,,,,,,,,,,,,,
,,,,,,,,,,,,,,,,,,,,,,,,,,,,,,,,,,,,,,,,,,,,,,,,
,,,,,,,,,,,,,,,,,,,,,,,,,,,,,,,,,,,,,,,,,,,,,,,,
,,,,,,,,,,,,,,,,,,,,,,,,,,,,,,,,,,,,,,,,,,,,,,,,
,,,,,,,,,,,,,,,,,,,,,,,,,,,,,,,,,,,,,,,,,,,,,,,,
,,,,,,,,,,,,,,,,,,,,,,,,,,,,,,,,,,,,,,,,,,,,,,,,
,,,,,,,,,,,,,,,,,,,,,,,,,,,,,,,,,,,,,,,,,,,,,,,,
,,,,,,,,,,,,,,,,,,,,,,,,,,,,,,,,,,,,,,,,,,,,,,,,
,,,,,,,,,,,,,,,,,,,,,,,,,,,,,,,,,,,,,,,,,,,,,,,,
,,,,,,,,,,,,,,,,,,,,,,,,,,,,,,,,,,,,,,,,,,,,,,,,
,,,,,,,,,,,,,,,,,,,,,,,,,,,,,,,,,,,,,,,,,,,,,,,,
,,,,,,,,,,,,,,,,,,,,,,,,,,,,,,,,,,,,,,,,,,,,,,,,
,,,,,,,,,,,,,,,,,,,,,,,,,,,,,,,,,,,,,,,,,,,,,,,,
,,,,,,,,,,,,,,,,,,,,,,,,,,,,,,,,,,,,,,,,,,,,,,,,
,,,,,,,,,,,,,,,,,,,,,,,,,,,,,,,,,,,,,,,,,,,,,,,,
,,,,,,,,,,,,,,,,,,,,,,,,,,,,,,,,,,,,,,,,,,,,,,,,
,,,,,,,,,,,,,,,,,,,,,,,,,,,,,,,,,,,,,,,,,,,,,,,,
,,,,,,,,,,,,,,,,,,,,,,,,,,,,,,,,,,,,,,,,,,,,,,,,
,,,,,,,,,,,,,,,,,,,,,,,,,,,,,,,,,,,,,,,,,,,,,,,,
,,,,,,,,,,,,,,,,,,,,,,,,,,,,,,,,,,,,,,,,,,,,,,,,
,,,,,,,,,,,,,,,,,,,,,,,,,,,,,,,,,,,,,,,,,,,,,,,,
,,,,,,,,,,,,,,,,,,,,,,,,,,,,,,,,,,,,,,,,,,,,,,,,
,,,,,,,,,,,,,,,,,,,,,,,,,,,,,,,,,,,,,,,,,,,,,,,,
,,,,,,,,,,,,,,,,,,,,,,,,,,,,,,,,,,,,,,,,,,,,,,,,
,,,,,,,,,,,,,,,,,,,,,,,,,,,,,,,,,,,,,,,,,,,,,,,,
,,,,,,,,,,,,,,,,,,,,,,,,,,,,,,,,,,,,,,,,,,,,,,,,
,,,,,,,,,,,,,,,,,,,,,,,,,,,,,,,,,,,,,,,,,,,,,,,,
,,,,,,,,,,,,,,,,,,,,,,,,,,,,,,,,,,,,,,,,,,,,,,,,
,,,,,,,,,,,,,,,,,,,,,,,,,,,,,,,,,,,,,,,,,,,,,,,,
,,,,,,,,,,,,,,,,,,,,,,,,,,,,,,,,,,,,,,,,,,,,,,,,
,,,,,,,,,,,,,,,,,,,,,,,,,,,,,,,,,,,,,,,,,,,,,,,,
,,,,,,,,,,,,,,,,,,,,,,,,,,,,,,,,,,,,,,,,,,,,,,,,
,,,,,,,,,,,,,,,,,,,,,,,,,,,,,,,,,,,,,,,,,,,,,,,,
,,,,,,,,,,,,,,,,,,,,,,,,,,,,,,,,,,,,,,,,,,,,,,,,
,,,,,,,,,,,,,,,,,,,,,,,,,,,,,,,,,,,,,,,,,,,,,,,,
,,,,,,,,,,,,,,,,,,,,,,,,,,,,,,,,,,,,,,,,,,,,,,,,
,,,,,,,,,,,,,,,,,,,,,,,,,,,,,,,,,,,,,,,,,,,,,,,,
,,,,,,,,,,,,,,,,,,,,,,,,,,,,,,,,,,,,,,,,,,,,,,,,
,,,,,,,,,,,,,,,,,,,,,,,,,,,,,,,,,,,,,,,,,,,,,,,,
,,,,,,,,,,,,,,,,,,,,,,,,,,,,,,,,,,,,,,,,,,,,,,,,
,,,,,,,,,,,,,,,,,,,,,,,,,,,,,,,,,,,,,,,,,,,,,,,,
,,,,,,,,,,,,,,,,,,,,,,,,,,,,,,,,,,,,,,,,,,,,,,,,
,,,,,,,,,,,,,,,,,,,,,,,,,,,,,,,,,,,,,,,,,,,,,,,,
,,,,,,,,,,,,,,,,,,,,,,,,,,,,,,,,,,,,,,,,,,,,,,,,
,,,,,,,,,,,,,,,,,,,,,,,,,,,,,,,,,,,,,,,,,,,,,,,,
,,,,,,,,,,,,,,,,,,,,,,,,,,,,,,,,,,,,,,,,,,,,,,,,
,,,,,,,,,,,,,,,,,,,,,,,,,,,,,,,,,,,,,,,,,,,,,,,,
,,,,,,,,,,,,,,,,,,,,,,,,,,,,,,,,,,,,,,,,,,,,,,,,
,,,,,,,,,,,,,,,,,,,,,,,,,,,,,,,,,,,,,,,,,,,,,,,,
,,,,,,,,,,,,,,,,,,,,,,,,,,,,,,,,,,,,,,,,,,,,,,,,
,,,,,,,,,,,,,,,,,,,,,,,,,,,,,,,,,,,,,,,,,,,,,,,,
,,,,,,,,,,,,,,,,,,,,,,,,,,,,,,,,,,,,,,,,,,,,,,,,
,,,,,,,,,,,,,,,,,,,,,,,,,,,,,,,,,,,,,,,,,,,,,,,,
,,,,,,,,,,,,,,,,,,,,,,,,,,,,,,,,,,,,,,,,,,,,,,,,
,,,,,,,,,,,,,,,,,,,,,,,,,,,,,,,,,,,,,,,,,,,,,,,,
,,,,,,,,,,,,,,,,,,,,,,,,,,,,,,,,,,,,,,,,,,,,,,,,
,,,,,,,,,,,,,,,,,,,,,,,,,,,,,,,,,,,,,,,,,,,,,,,,
,,,,,,,,,,,,,,,,,,,,,,,,,,,,,,,,,,,,,,,,,,,,,,,,
,,,,,,,,,,,,,,,,,,,,,,,,,,,,,,,,,,,,,,,,,,,,,,,,
,,,,,,,,,,,,,,,,,,,,,,,,,,,,,,,,,,,,,,,,,,,,,,,,
,,,,,,,,,,,,,,,,,,,,,,,,,,,,,,,,,,,,,,,,,,,,,,,,
,,,,,,,,,,,,,,,,,,,,,,,,,,,,,,,,,,,,,,,,,,,,,,,,
,,,,,,,,,,,,,,,,,,,,,,,,,,,,,,,,,,,,,,,,,,,,,,,,
,,,,,,,,,,,,,,,,,,,,,,,,,,,,,,,,,,,,,,,,,,,,,,,,
